PAR_ID,EDITABLE_IN,READ_ONLY_IN,INDIRECT_IN,HIDDEN_IN,DEFAULT_GRAPHICS_TRUTH_STATE
PAR-0001,WS-RING,WS-SUITE;WS-BASELINE;WS-OPTIMIZATION;WS-ANALYSIS;WS-ANIMATOR;WS-DIAGNOSTICS,,WS-PROJECT;WS-INPUTS;WS-SETTINGS;WS-TOOLS,source_data_confirmed
PAR-0002,WS-RING,WS-SUITE;WS-BASELINE;WS-OPTIMIZATION;WS-ANALYSIS;WS-ANIMATOR;WS-DIAGNOSTICS,,WS-PROJECT;WS-INPUTS;WS-SETTINGS;WS-TOOLS,source_data_confirmed
PAR-0003,WS-RING,WS-SUITE;WS-BASELINE;WS-OPTIMIZATION;WS-ANALYSIS;WS-ANIMATOR;WS-DIAGNOSTICS,,WS-PROJECT;WS-INPUTS;WS-SETTINGS;WS-TOOLS,source_data_confirmed
PAR-0004,WS-RING,WS-SUITE;WS-BASELINE;WS-OPTIMIZATION;WS-ANALYSIS;WS-ANIMATOR;WS-DIAGNOSTICS,,WS-PROJECT;WS-INPUTS;WS-SETTINGS;WS-TOOLS,source_data_confirmed
PAR-0005,WS-RING,WS-SUITE;WS-BASELINE;WS-OPTIMIZATION;WS-ANALYSIS;WS-ANIMATOR;WS-DIAGNOSTICS,,WS-PROJECT;WS-INPUTS;WS-SETTINGS;WS-TOOLS,source_data_confirmed
PAR-0006,WS-RING,WS-SUITE;WS-BASELINE;WS-OPTIMIZATION;WS-ANALYSIS;WS-ANIMATOR;WS-DIAGNOSTICS,,WS-PROJECT;WS-INPUTS;WS-SETTINGS;WS-TOOLS,source_data_confirmed
PAR-0007,WS-RING,WS-SUITE;WS-BASELINE;WS-OPTIMIZATION;WS-ANALYSIS;WS-ANIMATOR;WS-DIAGNOSTICS,,WS-PROJECT;WS-INPUTS;WS-SETTINGS;WS-TOOLS,source_data_confirmed
PAR-0008,WS-RING,WS-SUITE;WS-BASELINE;WS-OPTIMIZATION;WS-ANALYSIS;WS-ANIMATOR;WS-DIAGNOSTICS,,WS-PROJECT;WS-INPUTS;WS-SETTINGS;WS-TOOLS,source_data_confirmed
PAR-0009,WS-RING,WS-SUITE;WS-BASELINE;WS-OPTIMIZATION;WS-ANALYSIS;WS-ANIMATOR;WS-DIAGNOSTICS,,WS-PROJECT;WS-INPUTS;WS-SETTINGS;WS-TOOLS,source_data_confirmed
PAR-0010,WS-RING,WS-SUITE;WS-BASELINE;WS-OPTIMIZATION;WS-ANALYSIS;WS-ANIMATOR;WS-DIAGNOSTICS,,WS-PROJECT;WS-INPUTS;WS-SETTINGS;WS-TOOLS,source_data_confirmed
PAR-0011,WS-RING,WS-SUITE;WS-BASELINE;WS-OPTIMIZATION;WS-ANALYSIS;WS-ANIMATOR;WS-DIAGNOSTICS,,WS-PROJECT;WS-INPUTS;WS-SETTINGS;WS-TOOLS,source_data_confirmed
PAR-0012,WS-RING,WS-SUITE;WS-BASELINE;WS-OPTIMIZATION;WS-ANALYSIS;WS-ANIMATOR;WS-DIAGNOSTICS,,WS-PROJECT;WS-INPUTS;WS-SETTINGS;WS-TOOLS,source_data_confirmed
PAR-0013,WS-RING,WS-SUITE;WS-BASELINE;WS-OPTIMIZATION;WS-ANALYSIS;WS-ANIMATOR;WS-DIAGNOSTICS,,WS-PROJECT;WS-INPUTS;WS-SETTINGS;WS-TOOLS,source_data_confirmed
PAR-0014,WS-RING,WS-SUITE;WS-BASELINE;WS-OPTIMIZATION;WS-ANALYSIS;WS-ANIMATOR;WS-DIAGNOSTICS,,WS-PROJECT;WS-INPUTS;WS-SETTINGS;WS-TOOLS,source_data_confirmed
PAR-0015,WS-RING,WS-SUITE;WS-BASELINE;WS-OPTIMIZATION;WS-ANALYSIS;WS-ANIMATOR;WS-DIAGNOSTICS,,WS-PROJECT;WS-INPUTS;WS-SETTINGS;WS-TOOLS,source_data_confirmed
PAR-0016,WS-RING,WS-SUITE;WS-BASELINE;WS-OPTIMIZATION;WS-ANALYSIS;WS-ANIMATOR;WS-DIAGNOSTICS,,WS-PROJECT;WS-INPUTS;WS-SETTINGS;WS-TOOLS,source_data_confirmed
PAR-0017,WS-RING,WS-SUITE;WS-BASELINE;WS-OPTIMIZATION;WS-ANALYSIS;WS-ANIMATOR;WS-DIAGNOSTICS,,WS-PROJECT;WS-INPUTS;WS-SETTINGS;WS-TOOLS,source_data_confirmed
PAR-0018,WS-RING,WS-SUITE;WS-BASELINE;WS-OPTIMIZATION;WS-ANALYSIS;WS-ANIMATOR;WS-DIAGNOSTICS,,WS-PROJECT;WS-INPUTS;WS-SETTINGS;WS-TOOLS,source_data_confirmed
PAR-0019,WS-RING,WS-SUITE;WS-BASELINE;WS-OPTIMIZATION;WS-ANALYSIS;WS-ANIMATOR;WS-DIAGNOSTICS,,WS-PROJECT;WS-INPUTS;WS-SETTINGS;WS-TOOLS,source_data_confirmed
PAR-0020,WS-RING,WS-SUITE;WS-BASELINE;WS-OPTIMIZATION;WS-ANALYSIS;WS-ANIMATOR;WS-DIAGNOSTICS,,WS-PROJECT;WS-INPUTS;WS-SETTINGS;WS-TOOLS,source_data_confirmed
PAR-0021,WS-RING,WS-SUITE;WS-BASELINE;WS-OPTIMIZATION;WS-ANALYSIS;WS-ANIMATOR;WS-DIAGNOSTICS,,WS-PROJECT;WS-INPUTS;WS-SETTINGS;WS-TOOLS,source_data_confirmed
PAR-0022,WS-RING,WS-SUITE;WS-BASELINE;WS-OPTIMIZATION;WS-ANALYSIS;WS-ANIMATOR;WS-DIAGNOSTICS,,WS-PROJECT;WS-INPUTS;WS-SETTINGS;WS-TOOLS,source_data_confirmed
PAR-0023,WS-RING,WS-SUITE;WS-BASELINE;WS-OPTIMIZATION;WS-ANALYSIS;WS-ANIMATOR;WS-DIAGNOSTICS,,WS-PROJECT;WS-INPUTS;WS-SETTINGS;WS-TOOLS,source_data_confirmed
PAR-0024,WS-RING,WS-SUITE;WS-BASELINE;WS-OPTIMIZATION;WS-ANALYSIS;WS-ANIMATOR;WS-DIAGNOSTICS,,WS-PROJECT;WS-INPUTS;WS-SETTINGS;WS-TOOLS,source_data_confirmed
PAR-0025,WS-RING,WS-SUITE;WS-BASELINE;WS-OPTIMIZATION;WS-ANALYSIS;WS-ANIMATOR;WS-DIAGNOSTICS,,WS-PROJECT;WS-INPUTS;WS-SETTINGS;WS-TOOLS,source_data_confirmed
PAR-0026,WS-RING,WS-SUITE;WS-BASELINE;WS-OPTIMIZATION;WS-ANALYSIS;WS-ANIMATOR;WS-DIAGNOSTICS,,WS-PROJECT;WS-INPUTS;WS-SETTINGS;WS-TOOLS,source_data_confirmed
PAR-0027,WS-RING,WS-SUITE;WS-BASELINE;WS-OPTIMIZATION;WS-ANALYSIS;WS-ANIMATOR;WS-DIAGNOSTICS,,WS-PROJECT;WS-INPUTS;WS-SETTINGS;WS-TOOLS,source_data_confirmed
PAR-0028,WS-RING,WS-SUITE;WS-BASELINE;WS-OPTIMIZATION;WS-ANALYSIS;WS-ANIMATOR;WS-DIAGNOSTICS,,WS-PROJECT;WS-INPUTS;WS-SETTINGS;WS-TOOLS,source_data_confirmed
PAR-0029,WS-RING,WS-SUITE;WS-BASELINE;WS-OPTIMIZATION;WS-ANALYSIS;WS-ANIMATOR;WS-DIAGNOSTICS,,WS-PROJECT;WS-INPUTS;WS-SETTINGS;WS-TOOLS,source_data_confirmed
PAR-0030,WS-RING,WS-SUITE;WS-BASELINE;WS-OPTIMIZATION;WS-ANALYSIS;WS-ANIMATOR;WS-DIAGNOSTICS,,WS-PROJECT;WS-INPUTS;WS-SETTINGS;WS-TOOLS,source_data_confirmed
PAR-0031,WS-RING,WS-SUITE;WS-BASELINE;WS-OPTIMIZATION;WS-ANALYSIS;WS-ANIMATOR;WS-DIAGNOSTICS,,WS-PROJECT;WS-INPUTS;WS-SETTINGS;WS-TOOLS,source_data_confirmed
PAR-0032,WS-RING,WS-SUITE;WS-BASELINE;WS-OPTIMIZATION;WS-ANALYSIS;WS-ANIMATOR;WS-DIAGNOSTICS,,WS-PROJECT;WS-INPUTS;WS-SETTINGS;WS-TOOLS,source_data_confirmed
PAR-0033,WS-RING,WS-SUITE;WS-BASELINE;WS-OPTIMIZATION;WS-ANALYSIS;WS-ANIMATOR;WS-DIAGNOSTICS,,WS-PROJECT;WS-INPUTS;WS-SETTINGS;WS-TOOLS,source_data_confirmed
PAR-0034,WS-RING,WS-SUITE;WS-BASELINE;WS-OPTIMIZATION;WS-ANALYSIS;WS-ANIMATOR;WS-DIAGNOSTICS,,WS-PROJECT;WS-INPUTS;WS-SETTINGS;WS-TOOLS,source_data_confirmed
PAR-0035,WS-RING,WS-SUITE;WS-BASELINE;WS-OPTIMIZATION;WS-ANALYSIS;WS-ANIMATOR;WS-DIAGNOSTICS,,WS-PROJECT;WS-INPUTS;WS-SETTINGS;WS-TOOLS,source_data_confirmed
PAR-0036,WS-RING,WS-SUITE;WS-BASELINE;WS-OPTIMIZATION;WS-ANALYSIS;WS-ANIMATOR;WS-DIAGNOSTICS,,WS-PROJECT;WS-INPUTS;WS-SETTINGS;WS-TOOLS,source_data_confirmed
PAR-0037,WS-RING,WS-SUITE;WS-BASELINE;WS-OPTIMIZATION;WS-ANALYSIS;WS-ANIMATOR;WS-DIAGNOSTICS,,WS-PROJECT;WS-INPUTS;WS-SETTINGS;WS-TOOLS,source_data_confirmed
PAR-0038,WS-RING,WS-SUITE;WS-BASELINE;WS-OPTIMIZATION;WS-ANALYSIS;WS-ANIMATOR;WS-DIAGNOSTICS,,WS-PROJECT;WS-INPUTS;WS-SETTINGS;WS-TOOLS,source_data_confirmed
PAR-0039,WS-RING,WS-SUITE;WS-BASELINE;WS-OPTIMIZATION;WS-ANALYSIS;WS-ANIMATOR;WS-DIAGNOSTICS,,WS-PROJECT;WS-INPUTS;WS-SETTINGS;WS-TOOLS,source_data_confirmed
PAR-0040,WS-RING,WS-SUITE;WS-BASELINE;WS-OPTIMIZATION;WS-ANALYSIS;WS-ANIMATOR;WS-DIAGNOSTICS,,WS-PROJECT;WS-INPUTS;WS-SETTINGS;WS-TOOLS,source_data_confirmed
PAR-0041,WS-RING,WS-SUITE;WS-BASELINE;WS-OPTIMIZATION;WS-ANALYSIS;WS-ANIMATOR;WS-DIAGNOSTICS,,WS-PROJECT;WS-INPUTS;WS-SETTINGS;WS-TOOLS,source_data_confirmed
PAR-0042,WS-RING,WS-SUITE;WS-BASELINE;WS-OPTIMIZATION;WS-ANALYSIS;WS-ANIMATOR;WS-DIAGNOSTICS,,WS-PROJECT;WS-INPUTS;WS-SETTINGS;WS-TOOLS,source_data_confirmed
PAR-0043,WS-RING,WS-SUITE;WS-BASELINE;WS-OPTIMIZATION;WS-ANALYSIS;WS-ANIMATOR;WS-DIAGNOSTICS,,WS-PROJECT;WS-INPUTS;WS-SETTINGS;WS-TOOLS,source_data_confirmed
PAR-0044,WS-RING,WS-SUITE;WS-BASELINE;WS-OPTIMIZATION;WS-ANALYSIS;WS-ANIMATOR;WS-DIAGNOSTICS,,WS-PROJECT;WS-INPUTS;WS-SETTINGS;WS-TOOLS,source_data_confirmed
PAR-0045,WS-SUITE,WS-BASELINE;WS-OPTIMIZATION;WS-ANALYSIS;WS-ANIMATOR;WS-DIAGNOSTICS,,WS-PROJECT;WS-INPUTS;WS-RING;WS-SETTINGS;WS-TOOLS,source_data_confirmed
PAR-0046,WS-SUITE,WS-BASELINE;WS-OPTIMIZATION;WS-ANALYSIS;WS-ANIMATOR;WS-DIAGNOSTICS,,WS-PROJECT;WS-INPUTS;WS-RING;WS-SETTINGS;WS-TOOLS,source_data_confirmed
PAR-0047,WS-SUITE,WS-BASELINE;WS-OPTIMIZATION;WS-ANALYSIS;WS-ANIMATOR;WS-DIAGNOSTICS,,WS-PROJECT;WS-INPUTS;WS-RING;WS-SETTINGS;WS-TOOLS,source_data_confirmed
PAR-0048,WS-SUITE,WS-BASELINE;WS-OPTIMIZATION;WS-ANALYSIS;WS-ANIMATOR;WS-DIAGNOSTICS,,WS-PROJECT;WS-INPUTS;WS-RING;WS-SETTINGS;WS-TOOLS,source_data_confirmed
PAR-0049,WS-SUITE,WS-BASELINE;WS-OPTIMIZATION;WS-ANALYSIS;WS-ANIMATOR;WS-DIAGNOSTICS,,WS-PROJECT;WS-INPUTS;WS-RING;WS-SETTINGS;WS-TOOLS,source_data_confirmed
PAR-0050,WS-SUITE,WS-BASELINE;WS-OPTIMIZATION;WS-ANALYSIS;WS-ANIMATOR;WS-DIAGNOSTICS,,WS-PROJECT;WS-INPUTS;WS-RING;WS-SETTINGS;WS-TOOLS,source_data_confirmed
PAR-0051,WS-SUITE,WS-BASELINE;WS-OPTIMIZATION;WS-ANALYSIS;WS-ANIMATOR;WS-DIAGNOSTICS,,WS-PROJECT;WS-INPUTS;WS-RING;WS-SETTINGS;WS-TOOLS,source_data_confirmed
PAR-0052,WS-SUITE,WS-BASELINE;WS-OPTIMIZATION;WS-ANALYSIS;WS-ANIMATOR;WS-DIAGNOSTICS,,WS-PROJECT;WS-INPUTS;WS-RING;WS-SETTINGS;WS-TOOLS,source_data_confirmed
PAR-0053,WS-SUITE,WS-BASELINE;WS-OPTIMIZATION;WS-ANALYSIS;WS-ANIMATOR;WS-DIAGNOSTICS,,WS-PROJECT;WS-INPUTS;WS-RING;WS-SETTINGS;WS-TOOLS,source_data_confirmed
PAR-0054,WS-SUITE,WS-BASELINE;WS-OPTIMIZATION;WS-ANALYSIS;WS-ANIMATOR;WS-DIAGNOSTICS,,WS-PROJECT;WS-INPUTS;WS-RING;WS-SETTINGS;WS-TOOLS,source_data_confirmed
PAR-0055,WS-SUITE,WS-BASELINE;WS-OPTIMIZATION;WS-ANALYSIS;WS-ANIMATOR;WS-DIAGNOSTICS,,WS-PROJECT;WS-INPUTS;WS-RING;WS-SETTINGS;WS-TOOLS,source_data_confirmed
PAR-0056,WS-SUITE,WS-BASELINE;WS-OPTIMIZATION;WS-ANALYSIS;WS-ANIMATOR;WS-DIAGNOSTICS,,WS-PROJECT;WS-INPUTS;WS-RING;WS-SETTINGS;WS-TOOLS,source_data_confirmed
PAR-0057,WS-SUITE,WS-BASELINE;WS-OPTIMIZATION;WS-ANALYSIS;WS-ANIMATOR;WS-DIAGNOSTICS,,WS-PROJECT;WS-INPUTS;WS-RING;WS-SETTINGS;WS-TOOLS,source_data_confirmed
PAR-0058,WS-SUITE,WS-BASELINE;WS-OPTIMIZATION;WS-ANALYSIS;WS-ANIMATOR;WS-DIAGNOSTICS,,WS-PROJECT;WS-INPUTS;WS-RING;WS-SETTINGS;WS-TOOLS,source_data_confirmed
PAR-0059,WS-SUITE,WS-BASELINE;WS-OPTIMIZATION;WS-ANALYSIS;WS-ANIMATOR;WS-DIAGNOSTICS,,WS-PROJECT;WS-INPUTS;WS-RING;WS-SETTINGS;WS-TOOLS,source_data_confirmed
PAR-0060,WS-SUITE,WS-BASELINE;WS-OPTIMIZATION;WS-ANALYSIS;WS-ANIMATOR;WS-DIAGNOSTICS,,WS-PROJECT;WS-INPUTS;WS-RING;WS-SETTINGS;WS-TOOLS,source_data_confirmed
PAR-0061,WS-SUITE,WS-BASELINE;WS-OPTIMIZATION;WS-ANALYSIS;WS-ANIMATOR;WS-DIAGNOSTICS,,WS-PROJECT;WS-INPUTS;WS-RING;WS-SETTINGS;WS-TOOLS,source_data_confirmed
PAR-0062,WS-SUITE,WS-BASELINE;WS-OPTIMIZATION;WS-ANALYSIS;WS-ANIMATOR;WS-DIAGNOSTICS,,WS-PROJECT;WS-INPUTS;WS-RING;WS-SETTINGS;WS-TOOLS,source_data_confirmed
PAR-0063,WS-SUITE,WS-BASELINE;WS-OPTIMIZATION;WS-ANALYSIS;WS-ANIMATOR;WS-DIAGNOSTICS,,WS-PROJECT;WS-INPUTS;WS-RING;WS-SETTINGS;WS-TOOLS,source_data_confirmed
PAR-0064,WS-SUITE,WS-BASELINE;WS-OPTIMIZATION;WS-ANALYSIS;WS-ANIMATOR;WS-DIAGNOSTICS,,WS-PROJECT;WS-INPUTS;WS-RING;WS-SETTINGS;WS-TOOLS,source_data_confirmed
PAR-0065,WS-SUITE,WS-BASELINE;WS-OPTIMIZATION;WS-ANALYSIS;WS-ANIMATOR;WS-DIAGNOSTICS,,WS-PROJECT;WS-INPUTS;WS-RING;WS-SETTINGS;WS-TOOLS,source_data_confirmed
PAR-0066,WS-SUITE,WS-BASELINE;WS-OPTIMIZATION;WS-ANALYSIS;WS-ANIMATOR;WS-DIAGNOSTICS,,WS-PROJECT;WS-INPUTS;WS-RING;WS-SETTINGS;WS-TOOLS,source_data_confirmed
PAR-0067,WS-SUITE,WS-BASELINE;WS-OPTIMIZATION;WS-ANALYSIS;WS-ANIMATOR;WS-DIAGNOSTICS,,WS-PROJECT;WS-INPUTS;WS-RING;WS-SETTINGS;WS-TOOLS,source_data_confirmed
PAR-0068,WS-SUITE,WS-BASELINE;WS-OPTIMIZATION;WS-ANALYSIS;WS-ANIMATOR;WS-DIAGNOSTICS,,WS-PROJECT;WS-INPUTS;WS-RING;WS-SETTINGS;WS-TOOLS,source_data_confirmed
PAR-0069,WS-SUITE,WS-BASELINE;WS-OPTIMIZATION;WS-ANALYSIS;WS-ANIMATOR;WS-DIAGNOSTICS,,WS-PROJECT;WS-INPUTS;WS-RING;WS-SETTINGS;WS-TOOLS,source_data_confirmed
PAR-0070,WS-SUITE,WS-BASELINE;WS-OPTIMIZATION;WS-ANALYSIS;WS-ANIMATOR;WS-DIAGNOSTICS,,WS-PROJECT;WS-INPUTS;WS-RING;WS-SETTINGS;WS-TOOLS,source_data_confirmed
PAR-0071,WS-SUITE,WS-BASELINE;WS-OPTIMIZATION;WS-ANALYSIS;WS-ANIMATOR;WS-DIAGNOSTICS,,WS-PROJECT;WS-INPUTS;WS-RING;WS-SETTINGS;WS-TOOLS,source_data_confirmed
PAR-0072,WS-SUITE,WS-BASELINE;WS-OPTIMIZATION;WS-ANALYSIS;WS-ANIMATOR;WS-DIAGNOSTICS,,WS-PROJECT;WS-INPUTS;WS-RING;WS-SETTINGS;WS-TOOLS,source_data_confirmed
PAR-0073,WS-SUITE,WS-BASELINE;WS-OPTIMIZATION;WS-ANALYSIS;WS-ANIMATOR;WS-DIAGNOSTICS,,WS-PROJECT;WS-INPUTS;WS-RING;WS-SETTINGS;WS-TOOLS,source_data_confirmed
PAR-0074,WS-SUITE,WS-BASELINE;WS-OPTIMIZATION;WS-ANALYSIS;WS-ANIMATOR;WS-DIAGNOSTICS,,WS-PROJECT;WS-INPUTS;WS-RING;WS-SETTINGS;WS-TOOLS,source_data_confirmed
PAR-0075,WS-SUITE,WS-BASELINE;WS-OPTIMIZATION;WS-ANALYSIS;WS-ANIMATOR;WS-DIAGNOSTICS,,WS-PROJECT;WS-INPUTS;WS-RING;WS-SETTINGS;WS-TOOLS,source_data_confirmed
PAR-0076,WS-SUITE,WS-BASELINE;WS-OPTIMIZATION;WS-ANALYSIS;WS-ANIMATOR;WS-DIAGNOSTICS,,WS-PROJECT;WS-INPUTS;WS-RING;WS-SETTINGS;WS-TOOLS,source_data_confirmed
PAR-0077,WS-SUITE,WS-BASELINE;WS-OPTIMIZATION;WS-ANALYSIS;WS-ANIMATOR;WS-DIAGNOSTICS,,WS-PROJECT;WS-INPUTS;WS-RING;WS-SETTINGS;WS-TOOLS,source_data_confirmed
PAR-0078,WS-SUITE,WS-BASELINE;WS-OPTIMIZATION;WS-ANALYSIS;WS-ANIMATOR;WS-DIAGNOSTICS,,WS-PROJECT;WS-INPUTS;WS-RING;WS-SETTINGS;WS-TOOLS,source_data_confirmed
PAR-0079,WS-SUITE,WS-BASELINE;WS-OPTIMIZATION;WS-ANALYSIS;WS-ANIMATOR;WS-DIAGNOSTICS,,WS-PROJECT;WS-INPUTS;WS-RING;WS-SETTINGS;WS-TOOLS,source_data_confirmed
PAR-0080,WS-SUITE,WS-BASELINE;WS-OPTIMIZATION;WS-ANALYSIS;WS-ANIMATOR;WS-DIAGNOSTICS,,WS-PROJECT;WS-INPUTS;WS-RING;WS-SETTINGS;WS-TOOLS,source_data_confirmed
PAR-0081,WS-SUITE,WS-BASELINE;WS-OPTIMIZATION;WS-ANALYSIS;WS-ANIMATOR;WS-DIAGNOSTICS,,WS-PROJECT;WS-INPUTS;WS-RING;WS-SETTINGS;WS-TOOLS,source_data_confirmed
PAR-0082,WS-SUITE,WS-BASELINE;WS-OPTIMIZATION;WS-ANALYSIS;WS-ANIMATOR;WS-DIAGNOSTICS,,WS-PROJECT;WS-INPUTS;WS-RING;WS-SETTINGS;WS-TOOLS,source_data_confirmed
PAR-0083,WS-SUITE,WS-BASELINE;WS-OPTIMIZATION;WS-ANALYSIS;WS-ANIMATOR;WS-DIAGNOSTICS,,WS-PROJECT;WS-INPUTS;WS-RING;WS-SETTINGS;WS-TOOLS,source_data_confirmed
PAR-0084,WS-SUITE,WS-BASELINE;WS-OPTIMIZATION;WS-ANALYSIS;WS-ANIMATOR;WS-DIAGNOSTICS,,WS-PROJECT;WS-INPUTS;WS-RING;WS-SETTINGS;WS-TOOLS,source_data_confirmed
PAR-0085,WS-SUITE,WS-BASELINE;WS-OPTIMIZATION;WS-ANALYSIS;WS-ANIMATOR;WS-DIAGNOSTICS,,WS-PROJECT;WS-INPUTS;WS-RING;WS-SETTINGS;WS-TOOLS,source_data_confirmed
PAR-0086,WS-SUITE,WS-BASELINE;WS-OPTIMIZATION;WS-ANALYSIS;WS-ANIMATOR;WS-DIAGNOSTICS,,WS-PROJECT;WS-INPUTS;WS-RING;WS-SETTINGS;WS-TOOLS,source_data_confirmed
PAR-0087,WS-SUITE,WS-BASELINE;WS-OPTIMIZATION;WS-ANALYSIS;WS-ANIMATOR;WS-DIAGNOSTICS,,WS-PROJECT;WS-INPUTS;WS-RING;WS-SETTINGS;WS-TOOLS,source_data_confirmed
PAR-0088,WS-SUITE,WS-BASELINE;WS-OPTIMIZATION;WS-ANALYSIS;WS-ANIMATOR;WS-DIAGNOSTICS,,WS-PROJECT;WS-INPUTS;WS-RING;WS-SETTINGS;WS-TOOLS,source_data_confirmed
PAR-0089,WS-SUITE,WS-BASELINE;WS-OPTIMIZATION;WS-ANALYSIS;WS-ANIMATOR;WS-DIAGNOSTICS,,WS-PROJECT;WS-INPUTS;WS-RING;WS-SETTINGS;WS-TOOLS,source_data_confirmed
PAR-0090,WS-SUITE,WS-BASELINE;WS-OPTIMIZATION;WS-ANALYSIS;WS-ANIMATOR;WS-DIAGNOSTICS,,WS-PROJECT;WS-INPUTS;WS-RING;WS-SETTINGS;WS-TOOLS,source_data_confirmed
PAR-0091,WS-SUITE,WS-BASELINE;WS-OPTIMIZATION;WS-ANALYSIS;WS-ANIMATOR;WS-DIAGNOSTICS,,WS-PROJECT;WS-INPUTS;WS-RING;WS-SETTINGS;WS-TOOLS,source_data_confirmed
PAR-0092,WS-SUITE,WS-BASELINE;WS-OPTIMIZATION;WS-ANALYSIS;WS-ANIMATOR;WS-DIAGNOSTICS,,WS-PROJECT;WS-INPUTS;WS-RING;WS-SETTINGS;WS-TOOLS,source_data_confirmed
PAR-0093,WS-SUITE,WS-BASELINE;WS-OPTIMIZATION;WS-ANALYSIS;WS-ANIMATOR;WS-DIAGNOSTICS,,WS-PROJECT;WS-INPUTS;WS-RING;WS-SETTINGS;WS-TOOLS,source_data_confirmed
PAR-0094,,WS-BASELINE;WS-OPTIMIZATION;WS-ANALYSIS;WS-ANIMATOR;WS-DIAGNOSTICS,,WS-PROJECT;WS-INPUTS;WS-RING;WS-SUITE;WS-SETTINGS;WS-TOOLS,source_data_confirmed
PAR-0095,,WS-BASELINE;WS-OPTIMIZATION;WS-ANALYSIS;WS-ANIMATOR;WS-DIAGNOSTICS,,WS-PROJECT;WS-INPUTS;WS-RING;WS-SUITE;WS-SETTINGS;WS-TOOLS,source_data_confirmed
PAR-0096,WS-BASELINE,WS-OPTIMIZATION;WS-ANALYSIS;WS-ANIMATOR;WS-DIAGNOSTICS,,WS-PROJECT;WS-INPUTS;WS-RING;WS-SUITE;WS-SETTINGS;WS-TOOLS,source_data_confirmed
PAR-0097,WS-BASELINE,WS-OPTIMIZATION;WS-ANALYSIS;WS-ANIMATOR;WS-DIAGNOSTICS,,WS-PROJECT;WS-INPUTS;WS-RING;WS-SUITE;WS-SETTINGS;WS-TOOLS,source_data_confirmed
PAR-0098,WS-BASELINE,WS-OPTIMIZATION;WS-ANALYSIS;WS-ANIMATOR;WS-DIAGNOSTICS,,WS-PROJECT;WS-INPUTS;WS-RING;WS-SUITE;WS-SETTINGS;WS-TOOLS,source_data_confirmed
PAR-0099,WS-BASELINE,WS-OPTIMIZATION;WS-ANALYSIS;WS-ANIMATOR;WS-DIAGNOSTICS,,WS-PROJECT;WS-INPUTS;WS-RING;WS-SUITE;WS-SETTINGS;WS-TOOLS,source_data_confirmed
PAR-0100,,WS-BASELINE;WS-OPTIMIZATION;WS-ANALYSIS;WS-ANIMATOR;WS-DIAGNOSTICS,,WS-PROJECT;WS-INPUTS;WS-RING;WS-SUITE;WS-SETTINGS;WS-TOOLS,source_data_confirmed
PAR-0101,,WS-BASELINE;WS-OPTIMIZATION;WS-ANALYSIS;WS-ANIMATOR;WS-DIAGNOSTICS,,WS-PROJECT;WS-INPUTS;WS-RING;WS-SUITE;WS-SETTINGS;WS-TOOLS,source_data_confirmed
PAR-0102,,WS-BASELINE;WS-OPTIMIZATION;WS-ANALYSIS;WS-ANIMATOR;WS-DIAGNOSTICS,,WS-PROJECT;WS-INPUTS;WS-RING;WS-SUITE;WS-SETTINGS;WS-TOOLS,source_data_confirmed
PAR-0103,WS-BASELINE,WS-OPTIMIZATION;WS-ANALYSIS;WS-ANIMATOR;WS-DIAGNOSTICS,,WS-PROJECT;WS-INPUTS;WS-RING;WS-SUITE;WS-SETTINGS;WS-TOOLS,source_data_confirmed
PAR-0104,WS-BASELINE,WS-OPTIMIZATION;WS-ANALYSIS;WS-ANIMATOR;WS-DIAGNOSTICS,,WS-PROJECT;WS-INPUTS;WS-RING;WS-SUITE;WS-SETTINGS;WS-TOOLS,source_data_confirmed
PAR-0105,WS-BASELINE,WS-OPTIMIZATION;WS-ANALYSIS;WS-ANIMATOR;WS-DIAGNOSTICS,,WS-PROJECT;WS-INPUTS;WS-RING;WS-SUITE;WS-SETTINGS;WS-TOOLS,source_data_confirmed
PAR-0106,WS-BASELINE,WS-OPTIMIZATION;WS-ANALYSIS;WS-ANIMATOR;WS-DIAGNOSTICS,,WS-PROJECT;WS-INPUTS;WS-RING;WS-SUITE;WS-SETTINGS;WS-TOOLS,source_data_confirmed
PAR-0107,WS-BASELINE,WS-OPTIMIZATION;WS-ANALYSIS;WS-ANIMATOR;WS-DIAGNOSTICS,,WS-PROJECT;WS-INPUTS;WS-RING;WS-SUITE;WS-SETTINGS;WS-TOOLS,source_data_confirmed
PAR-0108,WS-BASELINE,WS-OPTIMIZATION;WS-ANALYSIS;WS-ANIMATOR;WS-DIAGNOSTICS,,WS-PROJECT;WS-INPUTS;WS-RING;WS-SUITE;WS-SETTINGS;WS-TOOLS,source_data_confirmed
PAR-0109,WS-BASELINE,WS-OPTIMIZATION;WS-ANALYSIS;WS-ANIMATOR;WS-DIAGNOSTICS,,WS-PROJECT;WS-INPUTS;WS-RING;WS-SUITE;WS-SETTINGS;WS-TOOLS,source_data_confirmed
PAR-0110,WS-BASELINE,WS-OPTIMIZATION;WS-ANALYSIS;WS-ANIMATOR;WS-DIAGNOSTICS,,WS-PROJECT;WS-INPUTS;WS-RING;WS-SUITE;WS-SETTINGS;WS-TOOLS,source_data_confirmed
PAR-0111,WS-BASELINE,WS-OPTIMIZATION;WS-ANALYSIS;WS-ANIMATOR;WS-DIAGNOSTICS,,WS-PROJECT;WS-INPUTS;WS-RING;WS-SUITE;WS-SETTINGS;WS-TOOLS,source_data_confirmed
PAR-0112,WS-BASELINE,WS-OPTIMIZATION;WS-ANALYSIS;WS-ANIMATOR;WS-DIAGNOSTICS,,WS-PROJECT;WS-INPUTS;WS-RING;WS-SUITE;WS-SETTINGS;WS-TOOLS,source_data_confirmed
PAR-0113,WS-BASELINE,WS-OPTIMIZATION;WS-ANALYSIS;WS-ANIMATOR;WS-DIAGNOSTICS,,WS-PROJECT;WS-INPUTS;WS-RING;WS-SUITE;WS-SETTINGS;WS-TOOLS,source_data_confirmed
PAR-0114,,WS-BASELINE;WS-OPTIMIZATION;WS-ANALYSIS;WS-ANIMATOR;WS-DIAGNOSTICS,,WS-PROJECT;WS-INPUTS;WS-RING;WS-SUITE;WS-SETTINGS;WS-TOOLS,source_data_confirmed
PAR-0115,WS-BASELINE,WS-OPTIMIZATION;WS-ANALYSIS;WS-ANIMATOR;WS-DIAGNOSTICS,,WS-PROJECT;WS-INPUTS;WS-RING;WS-SUITE;WS-SETTINGS;WS-TOOLS,source_data_confirmed
PAR-0116,WS-BASELINE,WS-OPTIMIZATION;WS-ANALYSIS;WS-ANIMATOR;WS-DIAGNOSTICS,,WS-PROJECT;WS-INPUTS;WS-RING;WS-SUITE;WS-SETTINGS;WS-TOOLS,source_data_confirmed
PAR-0117,WS-BASELINE,WS-OPTIMIZATION;WS-ANALYSIS;WS-ANIMATOR;WS-DIAGNOSTICS,,WS-PROJECT;WS-INPUTS;WS-RING;WS-SUITE;WS-SETTINGS;WS-TOOLS,source_data_confirmed
PAR-0118,WS-BASELINE,WS-OPTIMIZATION;WS-ANALYSIS;WS-ANIMATOR;WS-DIAGNOSTICS,,WS-PROJECT;WS-INPUTS;WS-RING;WS-SUITE;WS-SETTINGS;WS-TOOLS,source_data_confirmed
PAR-0119,WS-BASELINE,WS-OPTIMIZATION;WS-ANALYSIS;WS-ANIMATOR;WS-DIAGNOSTICS,,WS-PROJECT;WS-INPUTS;WS-RING;WS-SUITE;WS-SETTINGS;WS-TOOLS,source_data_confirmed
PAR-0120,,WS-BASELINE;WS-OPTIMIZATION;WS-ANALYSIS;WS-ANIMATOR;WS-DIAGNOSTICS,,WS-PROJECT;WS-INPUTS;WS-RING;WS-SUITE;WS-SETTINGS;WS-TOOLS,source_data_confirmed
PAR-0121,,WS-BASELINE;WS-OPTIMIZATION;WS-ANALYSIS;WS-ANIMATOR;WS-DIAGNOSTICS,,WS-PROJECT;WS-INPUTS;WS-RING;WS-SUITE;WS-SETTINGS;WS-TOOLS,source_data_confirmed
PAR-0122,,WS-BASELINE;WS-OPTIMIZATION;WS-ANALYSIS;WS-ANIMATOR;WS-DIAGNOSTICS,,WS-PROJECT;WS-INPUTS;WS-RING;WS-SUITE;WS-SETTINGS;WS-TOOLS,source_data_confirmed
PAR-0123,,WS-BASELINE;WS-OPTIMIZATION;WS-ANALYSIS;WS-ANIMATOR;WS-DIAGNOSTICS,,WS-PROJECT;WS-INPUTS;WS-RING;WS-SUITE;WS-SETTINGS;WS-TOOLS,source_data_confirmed
PAR-0124,WS-BASELINE,WS-OPTIMIZATION;WS-ANALYSIS;WS-ANIMATOR;WS-DIAGNOSTICS,,WS-PROJECT;WS-INPUTS;WS-RING;WS-SUITE;WS-SETTINGS;WS-TOOLS,source_data_confirmed
PAR-0125,WS-BASELINE,WS-OPTIMIZATION;WS-ANALYSIS;WS-ANIMATOR;WS-DIAGNOSTICS,,WS-PROJECT;WS-INPUTS;WS-RING;WS-SUITE;WS-SETTINGS;WS-TOOLS,source_data_confirmed
PAR-0126,WS-BASELINE,WS-OPTIMIZATION;WS-ANALYSIS;WS-ANIMATOR;WS-DIAGNOSTICS,,WS-PROJECT;WS-INPUTS;WS-RING;WS-SUITE;WS-SETTINGS;WS-TOOLS,source_data_confirmed
PAR-0127,,WS-BASELINE;WS-OPTIMIZATION;WS-ANALYSIS;WS-ANIMATOR;WS-DIAGNOSTICS,,WS-PROJECT;WS-INPUTS;WS-RING;WS-SUITE;WS-SETTINGS;WS-TOOLS,source_data_confirmed
PAR-0128,WS-BASELINE,WS-OPTIMIZATION;WS-ANALYSIS;WS-ANIMATOR;WS-DIAGNOSTICS,,WS-PROJECT;WS-INPUTS;WS-RING;WS-SUITE;WS-SETTINGS;WS-TOOLS,source_data_confirmed
PAR-0129,,WS-BASELINE;WS-OPTIMIZATION;WS-ANALYSIS;WS-ANIMATOR;WS-DIAGNOSTICS,,WS-PROJECT;WS-INPUTS;WS-RING;WS-SUITE;WS-SETTINGS;WS-TOOLS,source_data_confirmed
PAR-0130,WS-BASELINE,WS-OPTIMIZATION;WS-ANALYSIS;WS-ANIMATOR;WS-DIAGNOSTICS,,WS-PROJECT;WS-INPUTS;WS-RING;WS-SUITE;WS-SETTINGS;WS-TOOLS,source_data_confirmed
PAR-0131,WS-BASELINE,WS-OPTIMIZATION;WS-ANALYSIS;WS-ANIMATOR;WS-DIAGNOSTICS,,WS-PROJECT;WS-INPUTS;WS-RING;WS-SUITE;WS-SETTINGS;WS-TOOLS,source_data_confirmed
PAR-0132,WS-BASELINE,WS-OPTIMIZATION;WS-ANALYSIS;WS-ANIMATOR;WS-DIAGNOSTICS,,WS-PROJECT;WS-INPUTS;WS-RING;WS-SUITE;WS-SETTINGS;WS-TOOLS,source_data_confirmed
PAR-0133,WS-BASELINE,WS-OPTIMIZATION;WS-ANALYSIS;WS-ANIMATOR;WS-DIAGNOSTICS,,WS-PROJECT;WS-INPUTS;WS-RING;WS-SUITE;WS-SETTINGS;WS-TOOLS,source_data_confirmed
PAR-0134,WS-BASELINE,WS-OPTIMIZATION;WS-ANALYSIS;WS-ANIMATOR;WS-DIAGNOSTICS,,WS-PROJECT;WS-INPUTS;WS-RING;WS-SUITE;WS-SETTINGS;WS-TOOLS,source_data_confirmed
PAR-0135,WS-BASELINE,WS-OPTIMIZATION;WS-ANALYSIS;WS-ANIMATOR;WS-DIAGNOSTICS,,WS-PROJECT;WS-INPUTS;WS-RING;WS-SUITE;WS-SETTINGS;WS-TOOLS,source_data_confirmed
PAR-0136,WS-BASELINE,WS-OPTIMIZATION;WS-ANALYSIS;WS-ANIMATOR;WS-DIAGNOSTICS,,WS-PROJECT;WS-INPUTS;WS-RING;WS-SUITE;WS-SETTINGS;WS-TOOLS,source_data_confirmed
PAR-0137,WS-BASELINE,WS-OPTIMIZATION;WS-ANALYSIS;WS-ANIMATOR;WS-DIAGNOSTICS,,WS-PROJECT;WS-INPUTS;WS-RING;WS-SUITE;WS-SETTINGS;WS-TOOLS,source_data_confirmed
PAR-0138,WS-BASELINE,WS-OPTIMIZATION;WS-ANALYSIS;WS-ANIMATOR;WS-DIAGNOSTICS,,WS-PROJECT;WS-INPUTS;WS-RING;WS-SUITE;WS-SETTINGS;WS-TOOLS,source_data_confirmed
PAR-0139,WS-BASELINE,WS-OPTIMIZATION;WS-ANALYSIS;WS-ANIMATOR;WS-DIAGNOSTICS,,WS-PROJECT;WS-INPUTS;WS-RING;WS-SUITE;WS-SETTINGS;WS-TOOLS,source_data_confirmed
PAR-0140,WS-BASELINE,WS-OPTIMIZATION;WS-ANALYSIS;WS-ANIMATOR;WS-DIAGNOSTICS,,WS-PROJECT;WS-INPUTS;WS-RING;WS-SUITE;WS-SETTINGS;WS-TOOLS,source_data_confirmed
PAR-0141,WS-BASELINE,WS-OPTIMIZATION;WS-ANALYSIS;WS-ANIMATOR;WS-DIAGNOSTICS,,WS-PROJECT;WS-INPUTS;WS-RING;WS-SUITE;WS-SETTINGS;WS-TOOLS,source_data_confirmed
PAR-0142,WS-BASELINE,WS-OPTIMIZATION;WS-ANALYSIS;WS-ANIMATOR;WS-DIAGNOSTICS,,WS-PROJECT;WS-INPUTS;WS-RING;WS-SUITE;WS-SETTINGS;WS-TOOLS,source_data_confirmed
PAR-0143,WS-BASELINE,WS-OPTIMIZATION;WS-ANALYSIS;WS-ANIMATOR;WS-DIAGNOSTICS,,WS-PROJECT;WS-INPUTS;WS-RING;WS-SUITE;WS-SETTINGS;WS-TOOLS,source_data_confirmed
PAR-0144,WS-BASELINE,WS-OPTIMIZATION;WS-ANALYSIS;WS-ANIMATOR;WS-DIAGNOSTICS,,WS-PROJECT;WS-INPUTS;WS-RING;WS-SUITE;WS-SETTINGS;WS-TOOLS,source_data_confirmed
PAR-0145,WS-BASELINE,WS-OPTIMIZATION;WS-ANALYSIS;WS-ANIMATOR;WS-DIAGNOSTICS,,WS-PROJECT;WS-INPUTS;WS-RING;WS-SUITE;WS-SETTINGS;WS-TOOLS,source_data_confirmed
PAR-0146,WS-BASELINE,WS-OPTIMIZATION;WS-ANALYSIS;WS-ANIMATOR;WS-DIAGNOSTICS,,WS-PROJECT;WS-INPUTS;WS-RING;WS-SUITE;WS-SETTINGS;WS-TOOLS,source_data_confirmed
PAR-0147,,WS-OPTIMIZATION;WS-ANALYSIS;WS-ANIMATOR;WS-DIAGNOSTICS,,WS-PROJECT;WS-INPUTS;WS-RING;WS-SUITE;WS-BASELINE;WS-SETTINGS;WS-TOOLS,source_data_confirmed
PAR-0148,,WS-OPTIMIZATION;WS-ANALYSIS;WS-ANIMATOR;WS-DIAGNOSTICS,,WS-PROJECT;WS-INPUTS;WS-RING;WS-SUITE;WS-BASELINE;WS-SETTINGS;WS-TOOLS,source_data_confirmed
PAR-0149,,WS-OPTIMIZATION;WS-ANALYSIS;WS-ANIMATOR;WS-DIAGNOSTICS,,WS-PROJECT;WS-INPUTS;WS-RING;WS-SUITE;WS-BASELINE;WS-SETTINGS;WS-TOOLS,source_data_confirmed
PAR-0150,,WS-OPTIMIZATION;WS-ANALYSIS;WS-ANIMATOR;WS-DIAGNOSTICS,,WS-PROJECT;WS-INPUTS;WS-RING;WS-SUITE;WS-BASELINE;WS-SETTINGS;WS-TOOLS,source_data_confirmed
PAR-0151,,WS-OPTIMIZATION;WS-ANALYSIS;WS-ANIMATOR;WS-DIAGNOSTICS,,WS-PROJECT;WS-INPUTS;WS-RING;WS-SUITE;WS-BASELINE;WS-SETTINGS;WS-TOOLS,source_data_confirmed
PAR-0152,,WS-OPTIMIZATION;WS-ANALYSIS;WS-ANIMATOR;WS-DIAGNOSTICS,,WS-PROJECT;WS-INPUTS;WS-RING;WS-SUITE;WS-BASELINE;WS-SETTINGS;WS-TOOLS,source_data_confirmed
PAR-0153,WS-OPTIMIZATION,WS-ANALYSIS;WS-ANIMATOR;WS-DIAGNOSTICS,,WS-PROJECT;WS-INPUTS;WS-RING;WS-SUITE;WS-BASELINE;WS-SETTINGS;WS-TOOLS,source_data_confirmed
PAR-0154,WS-OPTIMIZATION,WS-ANALYSIS;WS-ANIMATOR;WS-DIAGNOSTICS,,WS-PROJECT;WS-INPUTS;WS-RING;WS-SUITE;WS-BASELINE;WS-SETTINGS;WS-TOOLS,source_data_confirmed
PAR-0155,WS-OPTIMIZATION,WS-ANALYSIS;WS-ANIMATOR;WS-DIAGNOSTICS,,WS-PROJECT;WS-INPUTS;WS-RING;WS-SUITE;WS-BASELINE;WS-SETTINGS;WS-TOOLS,source_data_confirmed
PAR-0156,WS-OPTIMIZATION,WS-ANALYSIS;WS-ANIMATOR;WS-DIAGNOSTICS,,WS-PROJECT;WS-INPUTS;WS-RING;WS-SUITE;WS-BASELINE;WS-SETTINGS;WS-TOOLS,source_data_confirmed
PAR-0157,WS-OPTIMIZATION,WS-ANALYSIS;WS-ANIMATOR;WS-DIAGNOSTICS,,WS-PROJECT;WS-INPUTS;WS-RING;WS-SUITE;WS-BASELINE;WS-SETTINGS;WS-TOOLS,source_data_confirmed
PAR-0158,WS-OPTIMIZATION,WS-ANALYSIS;WS-ANIMATOR;WS-DIAGNOSTICS,,WS-PROJECT;WS-INPUTS;WS-RING;WS-SUITE;WS-BASELINE;WS-SETTINGS;WS-TOOLS,source_data_confirmed
PAR-0159,WS-OPTIMIZATION,WS-ANALYSIS;WS-ANIMATOR;WS-DIAGNOSTICS,,WS-PROJECT;WS-INPUTS;WS-RING;WS-SUITE;WS-BASELINE;WS-SETTINGS;WS-TOOLS,source_data_confirmed
PAR-0160,WS-OPTIMIZATION,WS-ANALYSIS;WS-ANIMATOR;WS-DIAGNOSTICS,,WS-PROJECT;WS-INPUTS;WS-RING;WS-SUITE;WS-BASELINE;WS-SETTINGS;WS-TOOLS,source_data_confirmed
PAR-0161,WS-OPTIMIZATION,WS-ANALYSIS;WS-ANIMATOR;WS-DIAGNOSTICS,,WS-PROJECT;WS-INPUTS;WS-RING;WS-SUITE;WS-BASELINE;WS-SETTINGS;WS-TOOLS,source_data_confirmed
PAR-0162,WS-OPTIMIZATION,WS-ANALYSIS;WS-ANIMATOR;WS-DIAGNOSTICS,,WS-PROJECT;WS-INPUTS;WS-RING;WS-SUITE;WS-BASELINE;WS-SETTINGS;WS-TOOLS,source_data_confirmed
PAR-0163,WS-OPTIMIZATION,WS-ANALYSIS;WS-ANIMATOR;WS-DIAGNOSTICS,,WS-PROJECT;WS-INPUTS;WS-RING;WS-SUITE;WS-BASELINE;WS-SETTINGS;WS-TOOLS,source_data_confirmed
PAR-0164,WS-OPTIMIZATION,WS-ANALYSIS;WS-ANIMATOR;WS-DIAGNOSTICS,,WS-PROJECT;WS-INPUTS;WS-RING;WS-SUITE;WS-BASELINE;WS-SETTINGS;WS-TOOLS,source_data_confirmed
PAR-0165,WS-OPTIMIZATION,WS-ANALYSIS;WS-ANIMATOR;WS-DIAGNOSTICS,,WS-PROJECT;WS-INPUTS;WS-RING;WS-SUITE;WS-BASELINE;WS-SETTINGS;WS-TOOLS,source_data_confirmed
PAR-0166,WS-OPTIMIZATION,WS-ANALYSIS;WS-ANIMATOR;WS-DIAGNOSTICS,,WS-PROJECT;WS-INPUTS;WS-RING;WS-SUITE;WS-BASELINE;WS-SETTINGS;WS-TOOLS,source_data_confirmed
PAR-0167,WS-OPTIMIZATION,WS-ANALYSIS;WS-ANIMATOR;WS-DIAGNOSTICS,,WS-PROJECT;WS-INPUTS;WS-RING;WS-SUITE;WS-BASELINE;WS-SETTINGS;WS-TOOLS,source_data_confirmed
PAR-0168,WS-OPTIMIZATION,WS-ANALYSIS;WS-ANIMATOR;WS-DIAGNOSTICS,,WS-PROJECT;WS-INPUTS;WS-RING;WS-SUITE;WS-BASELINE;WS-SETTINGS;WS-TOOLS,source_data_confirmed
PAR-0169,WS-OPTIMIZATION,WS-ANALYSIS;WS-ANIMATOR;WS-DIAGNOSTICS,,WS-PROJECT;WS-INPUTS;WS-RING;WS-SUITE;WS-BASELINE;WS-SETTINGS;WS-TOOLS,source_data_confirmed
PAR-0170,WS-OPTIMIZATION,WS-ANALYSIS;WS-ANIMATOR;WS-DIAGNOSTICS,,WS-PROJECT;WS-INPUTS;WS-RING;WS-SUITE;WS-BASELINE;WS-SETTINGS;WS-TOOLS,source_data_confirmed
PAR-0171,WS-OPTIMIZATION,WS-ANALYSIS;WS-ANIMATOR;WS-DIAGNOSTICS,,WS-PROJECT;WS-INPUTS;WS-RING;WS-SUITE;WS-BASELINE;WS-SETTINGS;WS-TOOLS,source_data_confirmed
PAR-0172,WS-OPTIMIZATION,WS-ANALYSIS;WS-ANIMATOR;WS-DIAGNOSTICS,,WS-PROJECT;WS-INPUTS;WS-RING;WS-SUITE;WS-BASELINE;WS-SETTINGS;WS-TOOLS,source_data_confirmed
PAR-0173,WS-OPTIMIZATION,WS-ANALYSIS;WS-ANIMATOR;WS-DIAGNOSTICS,,WS-PROJECT;WS-INPUTS;WS-RING;WS-SUITE;WS-BASELINE;WS-SETTINGS;WS-TOOLS,source_data_confirmed
PAR-0174,WS-OPTIMIZATION,WS-ANALYSIS;WS-ANIMATOR;WS-DIAGNOSTICS,,WS-PROJECT;WS-INPUTS;WS-RING;WS-SUITE;WS-BASELINE;WS-SETTINGS;WS-TOOLS,source_data_confirmed
PAR-0175,WS-OPTIMIZATION,WS-ANALYSIS;WS-ANIMATOR;WS-DIAGNOSTICS,,WS-PROJECT;WS-INPUTS;WS-RING;WS-SUITE;WS-BASELINE;WS-SETTINGS;WS-TOOLS,source_data_confirmed
PAR-0176,WS-OPTIMIZATION,WS-ANALYSIS;WS-ANIMATOR;WS-DIAGNOSTICS,,WS-PROJECT;WS-INPUTS;WS-RING;WS-SUITE;WS-BASELINE;WS-SETTINGS;WS-TOOLS,source_data_confirmed
PAR-0177,WS-OPTIMIZATION,WS-ANALYSIS;WS-ANIMATOR;WS-DIAGNOSTICS,,WS-PROJECT;WS-INPUTS;WS-RING;WS-SUITE;WS-BASELINE;WS-SETTINGS;WS-TOOLS,source_data_confirmed
PAR-0178,WS-OPTIMIZATION,WS-ANALYSIS;WS-ANIMATOR;WS-DIAGNOSTICS,,WS-PROJECT;WS-INPUTS;WS-RING;WS-SUITE;WS-BASELINE;WS-SETTINGS;WS-TOOLS,source_data_confirmed
PAR-0179,WS-OPTIMIZATION,WS-ANALYSIS;WS-ANIMATOR;WS-DIAGNOSTICS,,WS-PROJECT;WS-INPUTS;WS-RING;WS-SUITE;WS-BASELINE;WS-SETTINGS;WS-TOOLS,source_data_confirmed
PAR-0180,WS-OPTIMIZATION,WS-ANALYSIS;WS-ANIMATOR;WS-DIAGNOSTICS,,WS-PROJECT;WS-INPUTS;WS-RING;WS-SUITE;WS-BASELINE;WS-SETTINGS;WS-TOOLS,source_data_confirmed
PAR-0181,WS-OPTIMIZATION,WS-ANALYSIS;WS-ANIMATOR;WS-DIAGNOSTICS,,WS-PROJECT;WS-INPUTS;WS-RING;WS-SUITE;WS-BASELINE;WS-SETTINGS;WS-TOOLS,source_data_confirmed
PAR-0182,WS-OPTIMIZATION,WS-ANALYSIS;WS-ANIMATOR;WS-DIAGNOSTICS,,WS-PROJECT;WS-INPUTS;WS-RING;WS-SUITE;WS-BASELINE;WS-SETTINGS;WS-TOOLS,source_data_confirmed
PAR-0183,,WS-OPTIMIZATION;WS-ANALYSIS;WS-ANIMATOR;WS-DIAGNOSTICS,,WS-PROJECT;WS-INPUTS;WS-RING;WS-SUITE;WS-BASELINE;WS-SETTINGS;WS-TOOLS,source_data_confirmed
PAR-0184,WS-OPTIMIZATION,WS-ANALYSIS;WS-ANIMATOR;WS-DIAGNOSTICS,,WS-PROJECT;WS-INPUTS;WS-RING;WS-SUITE;WS-BASELINE;WS-SETTINGS;WS-TOOLS,source_data_confirmed
PAR-0185,WS-OPTIMIZATION,WS-ANALYSIS;WS-ANIMATOR;WS-DIAGNOSTICS,,WS-PROJECT;WS-INPUTS;WS-RING;WS-SUITE;WS-BASELINE;WS-SETTINGS;WS-TOOLS,source_data_confirmed
PAR-0186,WS-OPTIMIZATION,WS-ANALYSIS;WS-ANIMATOR;WS-DIAGNOSTICS,,WS-PROJECT;WS-INPUTS;WS-RING;WS-SUITE;WS-BASELINE;WS-SETTINGS;WS-TOOLS,source_data_confirmed
PAR-0187,WS-OPTIMIZATION,WS-ANALYSIS;WS-ANIMATOR;WS-DIAGNOSTICS,,WS-PROJECT;WS-INPUTS;WS-RING;WS-SUITE;WS-BASELINE;WS-SETTINGS;WS-TOOLS,source_data_confirmed
PAR-0188,WS-OPTIMIZATION,WS-ANALYSIS;WS-ANIMATOR;WS-DIAGNOSTICS,,WS-PROJECT;WS-INPUTS;WS-RING;WS-SUITE;WS-BASELINE;WS-SETTINGS;WS-TOOLS,source_data_confirmed
PAR-0189,WS-OPTIMIZATION,WS-ANALYSIS;WS-ANIMATOR;WS-DIAGNOSTICS,,WS-PROJECT;WS-INPUTS;WS-RING;WS-SUITE;WS-BASELINE;WS-SETTINGS;WS-TOOLS,source_data_confirmed
PAR-0190,WS-OPTIMIZATION,WS-ANALYSIS;WS-ANIMATOR;WS-DIAGNOSTICS,,WS-PROJECT;WS-INPUTS;WS-RING;WS-SUITE;WS-BASELINE;WS-SETTINGS;WS-TOOLS,source_data_confirmed
PAR-0191,WS-OPTIMIZATION,WS-ANALYSIS;WS-ANIMATOR;WS-DIAGNOSTICS,,WS-PROJECT;WS-INPUTS;WS-RING;WS-SUITE;WS-BASELINE;WS-SETTINGS;WS-TOOLS,source_data_confirmed
PAR-0192,WS-OPTIMIZATION,WS-ANALYSIS;WS-ANIMATOR;WS-DIAGNOSTICS,,WS-PROJECT;WS-INPUTS;WS-RING;WS-SUITE;WS-BASELINE;WS-SETTINGS;WS-TOOLS,source_data_confirmed
PAR-0193,WS-OPTIMIZATION,WS-ANALYSIS;WS-ANIMATOR;WS-DIAGNOSTICS,,WS-PROJECT;WS-INPUTS;WS-RING;WS-SUITE;WS-BASELINE;WS-SETTINGS;WS-TOOLS,source_data_confirmed
PAR-0194,WS-OPTIMIZATION,WS-ANALYSIS;WS-ANIMATOR;WS-DIAGNOSTICS,,WS-PROJECT;WS-INPUTS;WS-RING;WS-SUITE;WS-BASELINE;WS-SETTINGS;WS-TOOLS,source_data_confirmed
PAR-0195,WS-OPTIMIZATION,WS-ANALYSIS;WS-ANIMATOR;WS-DIAGNOSTICS,,WS-PROJECT;WS-INPUTS;WS-RING;WS-SUITE;WS-BASELINE;WS-SETTINGS;WS-TOOLS,source_data_confirmed
PAR-0196,WS-OPTIMIZATION,WS-ANALYSIS;WS-ANIMATOR;WS-DIAGNOSTICS,,WS-PROJECT;WS-INPUTS;WS-RING;WS-SUITE;WS-BASELINE;WS-SETTINGS;WS-TOOLS,source_data_confirmed
PAR-0197,WS-OPTIMIZATION,WS-ANALYSIS;WS-ANIMATOR;WS-DIAGNOSTICS,,WS-PROJECT;WS-INPUTS;WS-RING;WS-SUITE;WS-BASELINE;WS-SETTINGS;WS-TOOLS,source_data_confirmed
PAR-0198,WS-OPTIMIZATION,WS-ANALYSIS;WS-ANIMATOR;WS-DIAGNOSTICS,,WS-PROJECT;WS-INPUTS;WS-RING;WS-SUITE;WS-BASELINE;WS-SETTINGS;WS-TOOLS,source_data_confirmed
PAR-0199,WS-OPTIMIZATION,WS-ANALYSIS;WS-ANIMATOR;WS-DIAGNOSTICS,,WS-PROJECT;WS-INPUTS;WS-RING;WS-SUITE;WS-BASELINE;WS-SETTINGS;WS-TOOLS,source_data_confirmed
PAR-0200,WS-OPTIMIZATION,WS-ANALYSIS;WS-ANIMATOR;WS-DIAGNOSTICS,,WS-PROJECT;WS-INPUTS;WS-RING;WS-SUITE;WS-BASELINE;WS-SETTINGS;WS-TOOLS,source_data_confirmed
PAR-0201,WS-OPTIMIZATION,WS-ANALYSIS;WS-ANIMATOR;WS-DIAGNOSTICS,,WS-PROJECT;WS-INPUTS;WS-RING;WS-SUITE;WS-BASELINE;WS-SETTINGS;WS-TOOLS,source_data_confirmed
PAR-0202,WS-OPTIMIZATION,WS-ANALYSIS;WS-ANIMATOR;WS-DIAGNOSTICS,,WS-PROJECT;WS-INPUTS;WS-RING;WS-SUITE;WS-BASELINE;WS-SETTINGS;WS-TOOLS,source_data_confirmed
PAR-0203,,WS-OPTIMIZATION;WS-ANALYSIS;WS-ANIMATOR;WS-DIAGNOSTICS,,WS-PROJECT;WS-INPUTS;WS-RING;WS-SUITE;WS-BASELINE;WS-SETTINGS;WS-TOOLS,source_data_confirmed
PAR-0204,WS-OPTIMIZATION,WS-ANALYSIS;WS-ANIMATOR;WS-DIAGNOSTICS,,WS-PROJECT;WS-INPUTS;WS-RING;WS-SUITE;WS-BASELINE;WS-SETTINGS;WS-TOOLS,source_data_confirmed
PAR-0205,WS-OPTIMIZATION,WS-ANALYSIS;WS-ANIMATOR;WS-DIAGNOSTICS,,WS-PROJECT;WS-INPUTS;WS-RING;WS-SUITE;WS-BASELINE;WS-SETTINGS;WS-TOOLS,source_data_confirmed
PAR-0206,WS-OPTIMIZATION,WS-ANALYSIS;WS-ANIMATOR;WS-DIAGNOSTICS,,WS-PROJECT;WS-INPUTS;WS-RING;WS-SUITE;WS-BASELINE;WS-SETTINGS;WS-TOOLS,source_data_confirmed
PAR-0207,WS-OPTIMIZATION,WS-ANALYSIS;WS-ANIMATOR;WS-DIAGNOSTICS,,WS-PROJECT;WS-INPUTS;WS-RING;WS-SUITE;WS-BASELINE;WS-SETTINGS;WS-TOOLS,source_data_confirmed
PAR-0208,WS-OPTIMIZATION,WS-ANALYSIS;WS-ANIMATOR;WS-DIAGNOSTICS,,WS-PROJECT;WS-INPUTS;WS-RING;WS-SUITE;WS-BASELINE;WS-SETTINGS;WS-TOOLS,source_data_confirmed
PAR-0209,,WS-ANALYSIS;WS-ANIMATOR;WS-DIAGNOSTICS,,WS-PROJECT;WS-INPUTS;WS-RING;WS-SUITE;WS-BASELINE;WS-OPTIMIZATION;WS-SETTINGS;WS-TOOLS,source_data_confirmed
PAR-0210,,WS-ANALYSIS;WS-ANIMATOR;WS-DIAGNOSTICS,,WS-PROJECT;WS-INPUTS;WS-RING;WS-SUITE;WS-BASELINE;WS-OPTIMIZATION;WS-SETTINGS;WS-TOOLS,source_data_confirmed
PAR-0211,WS-ANALYSIS,WS-ANIMATOR;WS-DIAGNOSTICS,,WS-PROJECT;WS-INPUTS;WS-RING;WS-SUITE;WS-BASELINE;WS-OPTIMIZATION;WS-SETTINGS;WS-TOOLS,source_data_confirmed
PAR-0212,WS-ANALYSIS,WS-ANIMATOR;WS-DIAGNOSTICS,,WS-PROJECT;WS-INPUTS;WS-RING;WS-SUITE;WS-BASELINE;WS-OPTIMIZATION;WS-SETTINGS;WS-TOOLS,source_data_confirmed
PAR-0213,WS-ANALYSIS,WS-ANIMATOR;WS-DIAGNOSTICS,,WS-PROJECT;WS-INPUTS;WS-RING;WS-SUITE;WS-BASELINE;WS-OPTIMIZATION;WS-SETTINGS;WS-TOOLS,source_data_confirmed
PAR-0214,WS-ANALYSIS,WS-ANIMATOR;WS-DIAGNOSTICS,,WS-PROJECT;WS-INPUTS;WS-RING;WS-SUITE;WS-BASELINE;WS-OPTIMIZATION;WS-SETTINGS;WS-TOOLS,source_data_confirmed
PAR-0215,,WS-ANALYSIS;WS-ANIMATOR;WS-DIAGNOSTICS,,WS-PROJECT;WS-INPUTS;WS-RING;WS-SUITE;WS-BASELINE;WS-OPTIMIZATION;WS-SETTINGS;WS-TOOLS,source_data_confirmed
PAR-0216,,WS-ANALYSIS;WS-ANIMATOR;WS-DIAGNOSTICS,,WS-PROJECT;WS-INPUTS;WS-RING;WS-SUITE;WS-BASELINE;WS-OPTIMIZATION;WS-SETTINGS;WS-TOOLS,source_data_confirmed
PAR-0217,,WS-ANALYSIS;WS-ANIMATOR;WS-DIAGNOSTICS,,WS-PROJECT;WS-INPUTS;WS-RING;WS-SUITE;WS-BASELINE;WS-OPTIMIZATION;WS-SETTINGS;WS-TOOLS,source_data_confirmed
PAR-0218,WS-ANALYSIS,WS-ANIMATOR;WS-DIAGNOSTICS,,WS-PROJECT;WS-INPUTS;WS-RING;WS-SUITE;WS-BASELINE;WS-OPTIMIZATION;WS-SETTINGS;WS-TOOLS,source_data_confirmed
PAR-0219,WS-ANALYSIS,WS-ANIMATOR;WS-DIAGNOSTICS,,WS-PROJECT;WS-INPUTS;WS-RING;WS-SUITE;WS-BASELINE;WS-OPTIMIZATION;WS-SETTINGS;WS-TOOLS,source_data_confirmed
PAR-0220,WS-ANALYSIS,WS-ANIMATOR;WS-DIAGNOSTICS,,WS-PROJECT;WS-INPUTS;WS-RING;WS-SUITE;WS-BASELINE;WS-OPTIMIZATION;WS-SETTINGS;WS-TOOLS,source_data_confirmed
PAR-0221,WS-ANALYSIS,WS-ANIMATOR;WS-DIAGNOSTICS,,WS-PROJECT;WS-INPUTS;WS-RING;WS-SUITE;WS-BASELINE;WS-OPTIMIZATION;WS-SETTINGS;WS-TOOLS,source_data_confirmed
PAR-0222,,WS-ANALYSIS;WS-ANIMATOR;WS-DIAGNOSTICS,,WS-PROJECT;WS-INPUTS;WS-RING;WS-SUITE;WS-BASELINE;WS-OPTIMIZATION;WS-SETTINGS;WS-TOOLS,source_data_confirmed
PAR-0223,WS-ANALYSIS,WS-ANIMATOR;WS-DIAGNOSTICS,,WS-PROJECT;WS-INPUTS;WS-RING;WS-SUITE;WS-BASELINE;WS-OPTIMIZATION;WS-SETTINGS;WS-TOOLS,source_data_confirmed
PAR-0224,,WS-ANALYSIS;WS-ANIMATOR;WS-DIAGNOSTICS,,WS-PROJECT;WS-INPUTS;WS-RING;WS-SUITE;WS-BASELINE;WS-OPTIMIZATION;WS-SETTINGS;WS-TOOLS,source_data_confirmed
PAR-0225,,WS-ANALYSIS;WS-ANIMATOR;WS-DIAGNOSTICS,,WS-PROJECT;WS-INPUTS;WS-RING;WS-SUITE;WS-BASELINE;WS-OPTIMIZATION;WS-SETTINGS;WS-TOOLS,source_data_confirmed
PAR-0226,WS-ANALYSIS,WS-ANIMATOR;WS-DIAGNOSTICS,,WS-PROJECT;WS-INPUTS;WS-RING;WS-SUITE;WS-BASELINE;WS-OPTIMIZATION;WS-SETTINGS;WS-TOOLS,source_data_confirmed
PAR-0227,WS-ANALYSIS,WS-ANIMATOR;WS-DIAGNOSTICS,,WS-PROJECT;WS-INPUTS;WS-RING;WS-SUITE;WS-BASELINE;WS-OPTIMIZATION;WS-SETTINGS;WS-TOOLS,source_data_confirmed
PAR-0228,WS-ANALYSIS,WS-ANIMATOR;WS-DIAGNOSTICS,,WS-PROJECT;WS-INPUTS;WS-RING;WS-SUITE;WS-BASELINE;WS-OPTIMIZATION;WS-SETTINGS;WS-TOOLS,source_data_confirmed
PAR-0229,WS-ANALYSIS,WS-ANIMATOR;WS-DIAGNOSTICS,,WS-PROJECT;WS-INPUTS;WS-RING;WS-SUITE;WS-BASELINE;WS-OPTIMIZATION;WS-SETTINGS;WS-TOOLS,source_data_confirmed
PAR-0230,WS-ANALYSIS,WS-ANIMATOR;WS-DIAGNOSTICS,,WS-PROJECT;WS-INPUTS;WS-RING;WS-SUITE;WS-BASELINE;WS-OPTIMIZATION;WS-SETTINGS;WS-TOOLS,source_data_confirmed
PAR-0231,WS-ANALYSIS,WS-ANIMATOR;WS-DIAGNOSTICS,,WS-PROJECT;WS-INPUTS;WS-RING;WS-SUITE;WS-BASELINE;WS-OPTIMIZATION;WS-SETTINGS;WS-TOOLS,source_data_confirmed
PAR-0232,WS-ANALYSIS,WS-ANIMATOR;WS-DIAGNOSTICS,,WS-PROJECT;WS-INPUTS;WS-RING;WS-SUITE;WS-BASELINE;WS-OPTIMIZATION;WS-SETTINGS;WS-TOOLS,source_data_confirmed
PAR-0233,WS-ANALYSIS,WS-ANIMATOR;WS-DIAGNOSTICS,,WS-PROJECT;WS-INPUTS;WS-RING;WS-SUITE;WS-BASELINE;WS-OPTIMIZATION;WS-SETTINGS;WS-TOOLS,source_data_confirmed
PAR-0234,WS-ANALYSIS,WS-ANIMATOR;WS-DIAGNOSTICS,,WS-PROJECT;WS-INPUTS;WS-RING;WS-SUITE;WS-BASELINE;WS-OPTIMIZATION;WS-SETTINGS;WS-TOOLS,source_data_confirmed
PAR-0235,WS-ANALYSIS,WS-ANIMATOR;WS-DIAGNOSTICS,,WS-PROJECT;WS-INPUTS;WS-RING;WS-SUITE;WS-BASELINE;WS-OPTIMIZATION;WS-SETTINGS;WS-TOOLS,source_data_confirmed
PAR-0236,WS-ANALYSIS,WS-ANIMATOR;WS-DIAGNOSTICS,,WS-PROJECT;WS-INPUTS;WS-RING;WS-SUITE;WS-BASELINE;WS-OPTIMIZATION;WS-SETTINGS;WS-TOOLS,source_data_confirmed
PAR-0237,WS-ANALYSIS,WS-ANIMATOR;WS-DIAGNOSTICS,,WS-PROJECT;WS-INPUTS;WS-RING;WS-SUITE;WS-BASELINE;WS-OPTIMIZATION;WS-SETTINGS;WS-TOOLS,source_data_confirmed
PAR-0238,WS-ANALYSIS,WS-ANIMATOR;WS-DIAGNOSTICS,,WS-PROJECT;WS-INPUTS;WS-RING;WS-SUITE;WS-BASELINE;WS-OPTIMIZATION;WS-SETTINGS;WS-TOOLS,source_data_confirmed
PAR-0239,WS-ANALYSIS,WS-ANIMATOR;WS-DIAGNOSTICS,,WS-PROJECT;WS-INPUTS;WS-RING;WS-SUITE;WS-BASELINE;WS-OPTIMIZATION;WS-SETTINGS;WS-TOOLS,source_data_confirmed
PAR-0240,WS-ANALYSIS,WS-ANIMATOR;WS-DIAGNOSTICS,,WS-PROJECT;WS-INPUTS;WS-RING;WS-SUITE;WS-BASELINE;WS-OPTIMIZATION;WS-SETTINGS;WS-TOOLS,source_data_confirmed
PAR-0241,WS-ANALYSIS,WS-ANIMATOR;WS-DIAGNOSTICS,,WS-PROJECT;WS-INPUTS;WS-RING;WS-SUITE;WS-BASELINE;WS-OPTIMIZATION;WS-SETTINGS;WS-TOOLS,source_data_confirmed
PAR-0242,WS-ANALYSIS,WS-ANIMATOR;WS-DIAGNOSTICS,,WS-PROJECT;WS-INPUTS;WS-RING;WS-SUITE;WS-BASELINE;WS-OPTIMIZATION;WS-SETTINGS;WS-TOOLS,source_data_confirmed
PAR-0243,WS-ANALYSIS,WS-ANIMATOR;WS-DIAGNOSTICS,,WS-PROJECT;WS-INPUTS;WS-RING;WS-SUITE;WS-BASELINE;WS-OPTIMIZATION;WS-SETTINGS;WS-TOOLS,source_data_confirmed
PAR-0244,WS-ANALYSIS,WS-ANIMATOR;WS-DIAGNOSTICS,,WS-PROJECT;WS-INPUTS;WS-RING;WS-SUITE;WS-BASELINE;WS-OPTIMIZATION;WS-SETTINGS;WS-TOOLS,source_data_confirmed
PAR-0245,WS-ANALYSIS,WS-ANIMATOR;WS-DIAGNOSTICS,,WS-PROJECT;WS-INPUTS;WS-RING;WS-SUITE;WS-BASELINE;WS-OPTIMIZATION;WS-SETTINGS;WS-TOOLS,source_data_confirmed
PAR-0246,WS-ANALYSIS,WS-ANIMATOR;WS-DIAGNOSTICS,,WS-PROJECT;WS-INPUTS;WS-RING;WS-SUITE;WS-BASELINE;WS-OPTIMIZATION;WS-SETTINGS;WS-TOOLS,source_data_confirmed
PAR-0247,,WS-ANALYSIS;WS-ANIMATOR;WS-DIAGNOSTICS,,WS-PROJECT;WS-INPUTS;WS-RING;WS-SUITE;WS-BASELINE;WS-OPTIMIZATION;WS-SETTINGS;WS-TOOLS,source_data_confirmed
PAR-0248,,WS-ANALYSIS;WS-ANIMATOR;WS-DIAGNOSTICS,,WS-PROJECT;WS-INPUTS;WS-RING;WS-SUITE;WS-BASELINE;WS-OPTIMIZATION;WS-SETTINGS;WS-TOOLS,source_data_confirmed
PAR-0249,WS-ANALYSIS,WS-ANIMATOR;WS-DIAGNOSTICS,,WS-PROJECT;WS-INPUTS;WS-RING;WS-SUITE;WS-BASELINE;WS-OPTIMIZATION;WS-SETTINGS;WS-TOOLS,source_data_confirmed
PAR-0250,WS-ANALYSIS,WS-ANIMATOR;WS-DIAGNOSTICS,,WS-PROJECT;WS-INPUTS;WS-RING;WS-SUITE;WS-BASELINE;WS-OPTIMIZATION;WS-SETTINGS;WS-TOOLS,source_data_confirmed
PAR-0251,WS-ANALYSIS,WS-ANIMATOR;WS-DIAGNOSTICS,,WS-PROJECT;WS-INPUTS;WS-RING;WS-SUITE;WS-BASELINE;WS-OPTIMIZATION;WS-SETTINGS;WS-TOOLS,source_data_confirmed
PAR-0252,WS-ANALYSIS,WS-ANIMATOR;WS-DIAGNOSTICS,,WS-PROJECT;WS-INPUTS;WS-RING;WS-SUITE;WS-BASELINE;WS-OPTIMIZATION;WS-SETTINGS;WS-TOOLS,source_data_confirmed
PAR-0253,WS-ANALYSIS,WS-ANIMATOR;WS-DIAGNOSTICS,,WS-PROJECT;WS-INPUTS;WS-RING;WS-SUITE;WS-BASELINE;WS-OPTIMIZATION;WS-SETTINGS;WS-TOOLS,source_data_confirmed
PAR-0254,WS-ANALYSIS,WS-ANIMATOR;WS-DIAGNOSTICS,,WS-PROJECT;WS-INPUTS;WS-RING;WS-SUITE;WS-BASELINE;WS-OPTIMIZATION;WS-SETTINGS;WS-TOOLS,source_data_confirmed
PAR-0255,,WS-ANALYSIS;WS-ANIMATOR;WS-DIAGNOSTICS,,WS-PROJECT;WS-INPUTS;WS-RING;WS-SUITE;WS-BASELINE;WS-OPTIMIZATION;WS-SETTINGS;WS-TOOLS,source_data_confirmed
PAR-0256,WS-ANALYSIS,WS-ANIMATOR;WS-DIAGNOSTICS,,WS-PROJECT;WS-INPUTS;WS-RING;WS-SUITE;WS-BASELINE;WS-OPTIMIZATION;WS-SETTINGS;WS-TOOLS,source_data_confirmed
PAR-0257,WS-ANALYSIS,WS-ANIMATOR;WS-DIAGNOSTICS,,WS-PROJECT;WS-INPUTS;WS-RING;WS-SUITE;WS-BASELINE;WS-OPTIMIZATION;WS-SETTINGS;WS-TOOLS,source_data_confirmed
PAR-0258,WS-ANALYSIS,WS-ANIMATOR;WS-DIAGNOSTICS,,WS-PROJECT;WS-INPUTS;WS-RING;WS-SUITE;WS-BASELINE;WS-OPTIMIZATION;WS-SETTINGS;WS-TOOLS,source_data_confirmed
PAR-0259,WS-ANALYSIS,WS-ANIMATOR;WS-DIAGNOSTICS,,WS-PROJECT;WS-INPUTS;WS-RING;WS-SUITE;WS-BASELINE;WS-OPTIMIZATION;WS-SETTINGS;WS-TOOLS,source_data_confirmed
PAR-0260,WS-ANALYSIS,WS-ANIMATOR;WS-DIAGNOSTICS,,WS-PROJECT;WS-INPUTS;WS-RING;WS-SUITE;WS-BASELINE;WS-OPTIMIZATION;WS-SETTINGS;WS-TOOLS,source_data_confirmed
PAR-0261,WS-ANALYSIS,WS-ANIMATOR;WS-DIAGNOSTICS,,WS-PROJECT;WS-INPUTS;WS-RING;WS-SUITE;WS-BASELINE;WS-OPTIMIZATION;WS-SETTINGS;WS-TOOLS,source_data_confirmed
PAR-0262,WS-ANALYSIS,WS-ANIMATOR;WS-DIAGNOSTICS,,WS-PROJECT;WS-INPUTS;WS-RING;WS-SUITE;WS-BASELINE;WS-OPTIMIZATION;WS-SETTINGS;WS-TOOLS,source_data_confirmed
PAR-0263,WS-ANALYSIS,WS-ANIMATOR;WS-DIAGNOSTICS,,WS-PROJECT;WS-INPUTS;WS-RING;WS-SUITE;WS-BASELINE;WS-OPTIMIZATION;WS-SETTINGS;WS-TOOLS,source_data_confirmed
PAR-0264,WS-ANALYSIS,WS-ANIMATOR;WS-DIAGNOSTICS,,WS-PROJECT;WS-INPUTS;WS-RING;WS-SUITE;WS-BASELINE;WS-OPTIMIZATION;WS-SETTINGS;WS-TOOLS,source_data_confirmed
PAR-0265,WS-ANALYSIS,WS-ANIMATOR;WS-DIAGNOSTICS,,WS-PROJECT;WS-INPUTS;WS-RING;WS-SUITE;WS-BASELINE;WS-OPTIMIZATION;WS-SETTINGS;WS-TOOLS,source_data_confirmed
PAR-0266,WS-ANALYSIS,WS-ANIMATOR;WS-DIAGNOSTICS,,WS-PROJECT;WS-INPUTS;WS-RING;WS-SUITE;WS-BASELINE;WS-OPTIMIZATION;WS-SETTINGS;WS-TOOLS,source_data_confirmed
PAR-0267,WS-ANALYSIS,WS-ANIMATOR;WS-DIAGNOSTICS,,WS-PROJECT;WS-INPUTS;WS-RING;WS-SUITE;WS-BASELINE;WS-OPTIMIZATION;WS-SETTINGS;WS-TOOLS,source_data_confirmed
PAR-0268,,WS-ANALYSIS;WS-ANIMATOR;WS-DIAGNOSTICS,,WS-PROJECT;WS-INPUTS;WS-RING;WS-SUITE;WS-BASELINE;WS-OPTIMIZATION;WS-SETTINGS;WS-TOOLS,source_data_confirmed
PAR-0269,WS-ANALYSIS,WS-ANIMATOR;WS-DIAGNOSTICS,,WS-PROJECT;WS-INPUTS;WS-RING;WS-SUITE;WS-BASELINE;WS-OPTIMIZATION;WS-SETTINGS;WS-TOOLS,source_data_confirmed
PAR-0270,WS-ANALYSIS,WS-ANIMATOR;WS-DIAGNOSTICS,,WS-PROJECT;WS-INPUTS;WS-RING;WS-SUITE;WS-BASELINE;WS-OPTIMIZATION;WS-SETTINGS;WS-TOOLS,source_data_confirmed
PAR-0271,,WS-ANIMATOR;WS-DIAGNOSTICS,,WS-PROJECT;WS-INPUTS;WS-RING;WS-SUITE;WS-BASELINE;WS-OPTIMIZATION;WS-ANALYSIS;WS-SETTINGS;WS-TOOLS,source_data_confirmed
PAR-0272,,WS-ANIMATOR;WS-DIAGNOSTICS,,WS-PROJECT;WS-INPUTS;WS-RING;WS-SUITE;WS-BASELINE;WS-OPTIMIZATION;WS-ANALYSIS;WS-SETTINGS;WS-TOOLS,source_data_confirmed
PAR-0273,WS-ANIMATOR,WS-DIAGNOSTICS,,WS-PROJECT;WS-INPUTS;WS-RING;WS-SUITE;WS-BASELINE;WS-OPTIMIZATION;WS-ANALYSIS;WS-SETTINGS;WS-TOOLS,source_data_confirmed
PAR-0274,,WS-ANIMATOR;WS-DIAGNOSTICS,,WS-PROJECT;WS-INPUTS;WS-RING;WS-SUITE;WS-BASELINE;WS-OPTIMIZATION;WS-ANALYSIS;WS-SETTINGS;WS-TOOLS,source_data_confirmed
PAR-0275,,WS-ANIMATOR;WS-DIAGNOSTICS,,WS-PROJECT;WS-INPUTS;WS-RING;WS-SUITE;WS-BASELINE;WS-OPTIMIZATION;WS-ANALYSIS;WS-SETTINGS;WS-TOOLS,source_data_confirmed
PAR-0276,,WS-ANIMATOR;WS-DIAGNOSTICS,,WS-PROJECT;WS-INPUTS;WS-RING;WS-SUITE;WS-BASELINE;WS-OPTIMIZATION;WS-ANALYSIS;WS-SETTINGS;WS-TOOLS,source_data_confirmed
PAR-0277,,WS-ANIMATOR;WS-DIAGNOSTICS,,WS-PROJECT;WS-INPUTS;WS-RING;WS-SUITE;WS-BASELINE;WS-OPTIMIZATION;WS-ANALYSIS;WS-SETTINGS;WS-TOOLS,source_data_confirmed
PAR-0278,WS-ANIMATOR,WS-DIAGNOSTICS,,WS-PROJECT;WS-INPUTS;WS-RING;WS-SUITE;WS-BASELINE;WS-OPTIMIZATION;WS-ANALYSIS;WS-SETTINGS;WS-TOOLS,source_data_confirmed
PAR-0279,,WS-ANIMATOR;WS-DIAGNOSTICS,,WS-PROJECT;WS-INPUTS;WS-RING;WS-SUITE;WS-BASELINE;WS-OPTIMIZATION;WS-ANALYSIS;WS-SETTINGS;WS-TOOLS,source_data_confirmed
PAR-0280,,WS-ANIMATOR;WS-DIAGNOSTICS,,WS-PROJECT;WS-INPUTS;WS-RING;WS-SUITE;WS-BASELINE;WS-OPTIMIZATION;WS-ANALYSIS;WS-SETTINGS;WS-TOOLS,source_data_confirmed
PAR-0281,WS-ANIMATOR,WS-DIAGNOSTICS,,WS-PROJECT;WS-INPUTS;WS-RING;WS-SUITE;WS-BASELINE;WS-OPTIMIZATION;WS-ANALYSIS;WS-SETTINGS;WS-TOOLS,source_data_confirmed
PAR-0282,,WS-ANIMATOR;WS-DIAGNOSTICS,,WS-PROJECT;WS-INPUTS;WS-RING;WS-SUITE;WS-BASELINE;WS-OPTIMIZATION;WS-ANALYSIS;WS-SETTINGS;WS-TOOLS,source_data_confirmed
PAR-0283,WS-ANIMATOR,WS-DIAGNOSTICS,,WS-PROJECT;WS-INPUTS;WS-RING;WS-SUITE;WS-BASELINE;WS-OPTIMIZATION;WS-ANALYSIS;WS-SETTINGS;WS-TOOLS,source_data_confirmed
PAR-0284,WS-ANIMATOR,WS-DIAGNOSTICS,,WS-PROJECT;WS-INPUTS;WS-RING;WS-SUITE;WS-BASELINE;WS-OPTIMIZATION;WS-ANALYSIS;WS-SETTINGS;WS-TOOLS,source_data_confirmed
PAR-0285,WS-ANIMATOR,WS-DIAGNOSTICS,,WS-PROJECT;WS-INPUTS;WS-RING;WS-SUITE;WS-BASELINE;WS-OPTIMIZATION;WS-ANALYSIS;WS-SETTINGS;WS-TOOLS,source_data_confirmed
PAR-0286,WS-ANIMATOR,WS-DIAGNOSTICS,,WS-PROJECT;WS-INPUTS;WS-RING;WS-SUITE;WS-BASELINE;WS-OPTIMIZATION;WS-ANALYSIS;WS-SETTINGS;WS-TOOLS,source_data_confirmed
PAR-0287,WS-ANIMATOR,WS-DIAGNOSTICS,,WS-PROJECT;WS-INPUTS;WS-RING;WS-SUITE;WS-BASELINE;WS-OPTIMIZATION;WS-ANALYSIS;WS-SETTINGS;WS-TOOLS,source_data_confirmed
PAR-0288,WS-ANIMATOR,WS-DIAGNOSTICS,,WS-PROJECT;WS-INPUTS;WS-RING;WS-SUITE;WS-BASELINE;WS-OPTIMIZATION;WS-ANALYSIS;WS-SETTINGS;WS-TOOLS,source_data_confirmed
PAR-0289,WS-ANIMATOR,WS-DIAGNOSTICS,,WS-PROJECT;WS-INPUTS;WS-RING;WS-SUITE;WS-BASELINE;WS-OPTIMIZATION;WS-ANALYSIS;WS-SETTINGS;WS-TOOLS,source_data_confirmed
PAR-0290,WS-ANIMATOR,WS-DIAGNOSTICS,,WS-PROJECT;WS-INPUTS;WS-RING;WS-SUITE;WS-BASELINE;WS-OPTIMIZATION;WS-ANALYSIS;WS-SETTINGS;WS-TOOLS,source_data_confirmed
PAR-0291,,WS-ANIMATOR;WS-DIAGNOSTICS,,WS-PROJECT;WS-INPUTS;WS-RING;WS-SUITE;WS-BASELINE;WS-OPTIMIZATION;WS-ANALYSIS;WS-SETTINGS;WS-TOOLS,source_data_confirmed
PAR-0292,WS-ANIMATOR,WS-DIAGNOSTICS,,WS-PROJECT;WS-INPUTS;WS-RING;WS-SUITE;WS-BASELINE;WS-OPTIMIZATION;WS-ANALYSIS;WS-SETTINGS;WS-TOOLS,source_data_confirmed
PAR-0293,WS-ANIMATOR,WS-DIAGNOSTICS,,WS-PROJECT;WS-INPUTS;WS-RING;WS-SUITE;WS-BASELINE;WS-OPTIMIZATION;WS-ANALYSIS;WS-SETTINGS;WS-TOOLS,source_data_confirmed
PAR-0294,WS-ANIMATOR,WS-DIAGNOSTICS,,WS-PROJECT;WS-INPUTS;WS-RING;WS-SUITE;WS-BASELINE;WS-OPTIMIZATION;WS-ANALYSIS;WS-SETTINGS;WS-TOOLS,source_data_confirmed
PAR-0295,WS-ANIMATOR,WS-DIAGNOSTICS,,WS-PROJECT;WS-INPUTS;WS-RING;WS-SUITE;WS-BASELINE;WS-OPTIMIZATION;WS-ANALYSIS;WS-SETTINGS;WS-TOOLS,source_data_confirmed
PAR-0296,WS-ANIMATOR,WS-DIAGNOSTICS,,WS-PROJECT;WS-INPUTS;WS-RING;WS-SUITE;WS-BASELINE;WS-OPTIMIZATION;WS-ANALYSIS;WS-SETTINGS;WS-TOOLS,source_data_confirmed
PAR-0297,WS-ANIMATOR,WS-DIAGNOSTICS,,WS-PROJECT;WS-INPUTS;WS-RING;WS-SUITE;WS-BASELINE;WS-OPTIMIZATION;WS-ANALYSIS;WS-SETTINGS;WS-TOOLS,source_data_confirmed
PAR-0298,WS-ANIMATOR,WS-DIAGNOSTICS,,WS-PROJECT;WS-INPUTS;WS-RING;WS-SUITE;WS-BASELINE;WS-OPTIMIZATION;WS-ANALYSIS;WS-SETTINGS;WS-TOOLS,source_data_confirmed
PAR-0299,WS-ANIMATOR,WS-DIAGNOSTICS,,WS-PROJECT;WS-INPUTS;WS-RING;WS-SUITE;WS-BASELINE;WS-OPTIMIZATION;WS-ANALYSIS;WS-SETTINGS;WS-TOOLS,source_data_confirmed
PAR-0300,WS-ANIMATOR,WS-DIAGNOSTICS,,WS-PROJECT;WS-INPUTS;WS-RING;WS-SUITE;WS-BASELINE;WS-OPTIMIZATION;WS-ANALYSIS;WS-SETTINGS;WS-TOOLS,source_data_confirmed
PAR-0301,WS-ANIMATOR,WS-DIAGNOSTICS,,WS-PROJECT;WS-INPUTS;WS-RING;WS-SUITE;WS-BASELINE;WS-OPTIMIZATION;WS-ANALYSIS;WS-SETTINGS;WS-TOOLS,source_data_confirmed
PAR-0302,WS-ANIMATOR,WS-DIAGNOSTICS,,WS-PROJECT;WS-INPUTS;WS-RING;WS-SUITE;WS-BASELINE;WS-OPTIMIZATION;WS-ANALYSIS;WS-SETTINGS;WS-TOOLS,source_data_confirmed
PAR-0303,WS-ANIMATOR,WS-DIAGNOSTICS,,WS-PROJECT;WS-INPUTS;WS-RING;WS-SUITE;WS-BASELINE;WS-OPTIMIZATION;WS-ANALYSIS;WS-SETTINGS;WS-TOOLS,source_data_confirmed
PAR-0304,,WS-ANIMATOR;WS-DIAGNOSTICS,,WS-PROJECT;WS-INPUTS;WS-RING;WS-SUITE;WS-BASELINE;WS-OPTIMIZATION;WS-ANALYSIS;WS-SETTINGS;WS-TOOLS,source_data_confirmed
PAR-0305,WS-ANIMATOR,WS-DIAGNOSTICS,,WS-PROJECT;WS-INPUTS;WS-RING;WS-SUITE;WS-BASELINE;WS-OPTIMIZATION;WS-ANALYSIS;WS-SETTINGS;WS-TOOLS,source_data_confirmed
PAR-0306,WS-ANIMATOR,WS-DIAGNOSTICS,,WS-PROJECT;WS-INPUTS;WS-RING;WS-SUITE;WS-BASELINE;WS-OPTIMIZATION;WS-ANALYSIS;WS-SETTINGS;WS-TOOLS,source_data_confirmed
PAR-0307,WS-ANIMATOR,WS-DIAGNOSTICS,,WS-PROJECT;WS-INPUTS;WS-RING;WS-SUITE;WS-BASELINE;WS-OPTIMIZATION;WS-ANALYSIS;WS-SETTINGS;WS-TOOLS,source_data_confirmed
PAR-0308,WS-ANIMATOR,WS-DIAGNOSTICS,,WS-PROJECT;WS-INPUTS;WS-RING;WS-SUITE;WS-BASELINE;WS-OPTIMIZATION;WS-ANALYSIS;WS-SETTINGS;WS-TOOLS,source_data_confirmed
PAR-0309,WS-ANIMATOR,WS-DIAGNOSTICS,,WS-PROJECT;WS-INPUTS;WS-RING;WS-SUITE;WS-BASELINE;WS-OPTIMIZATION;WS-ANALYSIS;WS-SETTINGS;WS-TOOLS,source_data_confirmed
PAR-0310,WS-ANIMATOR,WS-DIAGNOSTICS,,WS-PROJECT;WS-INPUTS;WS-RING;WS-SUITE;WS-BASELINE;WS-OPTIMIZATION;WS-ANALYSIS;WS-SETTINGS;WS-TOOLS,source_data_confirmed
PAR-0311,WS-ANIMATOR,WS-DIAGNOSTICS,,WS-PROJECT;WS-INPUTS;WS-RING;WS-SUITE;WS-BASELINE;WS-OPTIMIZATION;WS-ANALYSIS;WS-SETTINGS;WS-TOOLS,source_data_confirmed
PAR-0312,WS-ANIMATOR,WS-DIAGNOSTICS,,WS-PROJECT;WS-INPUTS;WS-RING;WS-SUITE;WS-BASELINE;WS-OPTIMIZATION;WS-ANALYSIS;WS-SETTINGS;WS-TOOLS,source_data_confirmed
PAR-0313,,WS-ANIMATOR;WS-DIAGNOSTICS,,WS-PROJECT;WS-INPUTS;WS-RING;WS-SUITE;WS-BASELINE;WS-OPTIMIZATION;WS-ANALYSIS;WS-SETTINGS;WS-TOOLS,source_data_confirmed
PAR-0314,WS-ANIMATOR,WS-DIAGNOSTICS,,WS-PROJECT;WS-INPUTS;WS-RING;WS-SUITE;WS-BASELINE;WS-OPTIMIZATION;WS-ANALYSIS;WS-SETTINGS;WS-TOOLS,source_data_confirmed
PAR-0315,WS-ANIMATOR,WS-DIAGNOSTICS,,WS-PROJECT;WS-INPUTS;WS-RING;WS-SUITE;WS-BASELINE;WS-OPTIMIZATION;WS-ANALYSIS;WS-SETTINGS;WS-TOOLS,source_data_confirmed
PAR-0316,WS-ANIMATOR,WS-DIAGNOSTICS,,WS-PROJECT;WS-INPUTS;WS-RING;WS-SUITE;WS-BASELINE;WS-OPTIMIZATION;WS-ANALYSIS;WS-SETTINGS;WS-TOOLS,source_data_confirmed
PAR-0317,WS-ANIMATOR,WS-DIAGNOSTICS,,WS-PROJECT;WS-INPUTS;WS-RING;WS-SUITE;WS-BASELINE;WS-OPTIMIZATION;WS-ANALYSIS;WS-SETTINGS;WS-TOOLS,source_data_confirmed
PAR-0318,WS-ANIMATOR,WS-DIAGNOSTICS,,WS-PROJECT;WS-INPUTS;WS-RING;WS-SUITE;WS-BASELINE;WS-OPTIMIZATION;WS-ANALYSIS;WS-SETTINGS;WS-TOOLS,source_data_confirmed
PAR-0319,WS-ANIMATOR,WS-DIAGNOSTICS,,WS-PROJECT;WS-INPUTS;WS-RING;WS-SUITE;WS-BASELINE;WS-OPTIMIZATION;WS-ANALYSIS;WS-SETTINGS;WS-TOOLS,source_data_confirmed
PAR-0320,WS-ANIMATOR,WS-DIAGNOSTICS,,WS-PROJECT;WS-INPUTS;WS-RING;WS-SUITE;WS-BASELINE;WS-OPTIMIZATION;WS-ANALYSIS;WS-SETTINGS;WS-TOOLS,source_data_confirmed
PAR-0321,WS-ANIMATOR,WS-DIAGNOSTICS,,WS-PROJECT;WS-INPUTS;WS-RING;WS-SUITE;WS-BASELINE;WS-OPTIMIZATION;WS-ANALYSIS;WS-SETTINGS;WS-TOOLS,source_data_confirmed
PAR-0322,WS-ANIMATOR,WS-DIAGNOSTICS,,WS-PROJECT;WS-INPUTS;WS-RING;WS-SUITE;WS-BASELINE;WS-OPTIMIZATION;WS-ANALYSIS;WS-SETTINGS;WS-TOOLS,source_data_confirmed
PAR-0323,WS-ANIMATOR,WS-DIAGNOSTICS,,WS-PROJECT;WS-INPUTS;WS-RING;WS-SUITE;WS-BASELINE;WS-OPTIMIZATION;WS-ANALYSIS;WS-SETTINGS;WS-TOOLS,source_data_confirmed
PAR-0324,WS-ANIMATOR,WS-DIAGNOSTICS,,WS-PROJECT;WS-INPUTS;WS-RING;WS-SUITE;WS-BASELINE;WS-OPTIMIZATION;WS-ANALYSIS;WS-SETTINGS;WS-TOOLS,source_data_confirmed
PAR-0325,WS-ANIMATOR,WS-DIAGNOSTICS,,WS-PROJECT;WS-INPUTS;WS-RING;WS-SUITE;WS-BASELINE;WS-OPTIMIZATION;WS-ANALYSIS;WS-SETTINGS;WS-TOOLS,source_data_confirmed
PAR-0326,,WS-ANIMATOR;WS-DIAGNOSTICS,,WS-PROJECT;WS-INPUTS;WS-RING;WS-SUITE;WS-BASELINE;WS-OPTIMIZATION;WS-ANALYSIS;WS-SETTINGS;WS-TOOLS,source_data_confirmed
PAR-0327,WS-ANIMATOR,WS-DIAGNOSTICS,,WS-PROJECT;WS-INPUTS;WS-RING;WS-SUITE;WS-BASELINE;WS-OPTIMIZATION;WS-ANALYSIS;WS-SETTINGS;WS-TOOLS,source_data_confirmed
PAR-0328,WS-ANIMATOR,WS-DIAGNOSTICS,,WS-PROJECT;WS-INPUTS;WS-RING;WS-SUITE;WS-BASELINE;WS-OPTIMIZATION;WS-ANALYSIS;WS-SETTINGS;WS-TOOLS,source_data_confirmed
PAR-0329,WS-ANIMATOR,WS-DIAGNOSTICS,,WS-PROJECT;WS-INPUTS;WS-RING;WS-SUITE;WS-BASELINE;WS-OPTIMIZATION;WS-ANALYSIS;WS-SETTINGS;WS-TOOLS,source_data_confirmed
PAR-0330,WS-ANIMATOR,WS-DIAGNOSTICS,,WS-PROJECT;WS-INPUTS;WS-RING;WS-SUITE;WS-BASELINE;WS-OPTIMIZATION;WS-ANALYSIS;WS-SETTINGS;WS-TOOLS,source_data_confirmed
PAR-0331,WS-ANIMATOR,WS-DIAGNOSTICS,,WS-PROJECT;WS-INPUTS;WS-RING;WS-SUITE;WS-BASELINE;WS-OPTIMIZATION;WS-ANALYSIS;WS-SETTINGS;WS-TOOLS,source_data_confirmed
PAR-0332,WS-ANIMATOR,WS-DIAGNOSTICS,,WS-PROJECT;WS-INPUTS;WS-RING;WS-SUITE;WS-BASELINE;WS-OPTIMIZATION;WS-ANALYSIS;WS-SETTINGS;WS-TOOLS,source_data_confirmed
PAR-0333,WS-ANIMATOR,WS-DIAGNOSTICS,,WS-PROJECT;WS-INPUTS;WS-RING;WS-SUITE;WS-BASELINE;WS-OPTIMIZATION;WS-ANALYSIS;WS-SETTINGS;WS-TOOLS,source_data_confirmed
PAR-0334,WS-ANIMATOR,WS-DIAGNOSTICS,,WS-PROJECT;WS-INPUTS;WS-RING;WS-SUITE;WS-BASELINE;WS-OPTIMIZATION;WS-ANALYSIS;WS-SETTINGS;WS-TOOLS,source_data_confirmed
PAR-0335,WS-ANIMATOR,WS-DIAGNOSTICS,,WS-PROJECT;WS-INPUTS;WS-RING;WS-SUITE;WS-BASELINE;WS-OPTIMIZATION;WS-ANALYSIS;WS-SETTINGS;WS-TOOLS,source_data_confirmed
PAR-0336,WS-ANIMATOR,WS-DIAGNOSTICS,,WS-PROJECT;WS-INPUTS;WS-RING;WS-SUITE;WS-BASELINE;WS-OPTIMIZATION;WS-ANALYSIS;WS-SETTINGS;WS-TOOLS,source_data_confirmed
PAR-0337,WS-ANIMATOR,WS-DIAGNOSTICS,,WS-PROJECT;WS-INPUTS;WS-RING;WS-SUITE;WS-BASELINE;WS-OPTIMIZATION;WS-ANALYSIS;WS-SETTINGS;WS-TOOLS,source_data_confirmed
PAR-0338,WS-ANIMATOR,WS-DIAGNOSTICS,,WS-PROJECT;WS-INPUTS;WS-RING;WS-SUITE;WS-BASELINE;WS-OPTIMIZATION;WS-ANALYSIS;WS-SETTINGS;WS-TOOLS,source_data_confirmed
PAR-0339,,WS-DIAGNOSTICS,,WS-PROJECT;WS-INPUTS;WS-RING;WS-SUITE;WS-BASELINE;WS-OPTIMIZATION;WS-ANALYSIS;WS-ANIMATOR;WS-SETTINGS;WS-TOOLS,source_data_confirmed
PAR-0340,,WS-DIAGNOSTICS,,WS-PROJECT;WS-INPUTS;WS-RING;WS-SUITE;WS-BASELINE;WS-OPTIMIZATION;WS-ANALYSIS;WS-ANIMATOR;WS-SETTINGS;WS-TOOLS,source_data_confirmed
PAR-0341,,WS-DIAGNOSTICS,,WS-PROJECT;WS-INPUTS;WS-RING;WS-SUITE;WS-BASELINE;WS-OPTIMIZATION;WS-ANALYSIS;WS-ANIMATOR;WS-SETTINGS;WS-TOOLS,source_data_confirmed
PAR-0342,,WS-DIAGNOSTICS,,WS-PROJECT;WS-INPUTS;WS-RING;WS-SUITE;WS-BASELINE;WS-OPTIMIZATION;WS-ANALYSIS;WS-ANIMATOR;WS-SETTINGS;WS-TOOLS,source_data_confirmed
PAR-0343,,WS-DIAGNOSTICS,,WS-PROJECT;WS-INPUTS;WS-RING;WS-SUITE;WS-BASELINE;WS-OPTIMIZATION;WS-ANALYSIS;WS-ANIMATOR;WS-SETTINGS;WS-TOOLS,source_data_confirmed
PAR-0344,,WS-DIAGNOSTICS,,WS-PROJECT;WS-INPUTS;WS-RING;WS-SUITE;WS-BASELINE;WS-OPTIMIZATION;WS-ANALYSIS;WS-ANIMATOR;WS-SETTINGS;WS-TOOLS,source_data_confirmed
PAR-0345,WS-DIAGNOSTICS,,,WS-PROJECT;WS-INPUTS;WS-RING;WS-SUITE;WS-BASELINE;WS-OPTIMIZATION;WS-ANALYSIS;WS-ANIMATOR;WS-SETTINGS;WS-TOOLS,source_data_confirmed
PAR-0346,WS-DIAGNOSTICS,,,WS-PROJECT;WS-INPUTS;WS-RING;WS-SUITE;WS-BASELINE;WS-OPTIMIZATION;WS-ANALYSIS;WS-ANIMATOR;WS-SETTINGS;WS-TOOLS,source_data_confirmed
PAR-0347,WS-DIAGNOSTICS,,,WS-PROJECT;WS-INPUTS;WS-RING;WS-SUITE;WS-BASELINE;WS-OPTIMIZATION;WS-ANALYSIS;WS-ANIMATOR;WS-SETTINGS;WS-TOOLS,source_data_confirmed
PAR-0348,WS-DIAGNOSTICS,,,WS-PROJECT;WS-INPUTS;WS-RING;WS-SUITE;WS-BASELINE;WS-OPTIMIZATION;WS-ANALYSIS;WS-ANIMATOR;WS-SETTINGS;WS-TOOLS,source_data_confirmed
PAR-0349,WS-DIAGNOSTICS,,,WS-PROJECT;WS-INPUTS;WS-RING;WS-SUITE;WS-BASELINE;WS-OPTIMIZATION;WS-ANALYSIS;WS-ANIMATOR;WS-SETTINGS;WS-TOOLS,source_data_confirmed
PAR-0350,WS-DIAGNOSTICS,,,WS-PROJECT;WS-INPUTS;WS-RING;WS-SUITE;WS-BASELINE;WS-OPTIMIZATION;WS-ANALYSIS;WS-ANIMATOR;WS-SETTINGS;WS-TOOLS,source_data_confirmed
PAR-0351,,WS-DIAGNOSTICS,,WS-PROJECT;WS-INPUTS;WS-RING;WS-SUITE;WS-BASELINE;WS-OPTIMIZATION;WS-ANALYSIS;WS-ANIMATOR;WS-SETTINGS;WS-TOOLS,source_data_confirmed
PAR-0352,WS-DIAGNOSTICS,,,WS-PROJECT;WS-INPUTS;WS-RING;WS-SUITE;WS-BASELINE;WS-OPTIMIZATION;WS-ANALYSIS;WS-ANIMATOR;WS-SETTINGS;WS-TOOLS,source_data_confirmed
PAR-0353,WS-DIAGNOSTICS,,,WS-PROJECT;WS-INPUTS;WS-RING;WS-SUITE;WS-BASELINE;WS-OPTIMIZATION;WS-ANALYSIS;WS-ANIMATOR;WS-SETTINGS;WS-TOOLS,source_data_confirmed
PAR-0354,WS-DIAGNOSTICS,,,WS-PROJECT;WS-INPUTS;WS-RING;WS-SUITE;WS-BASELINE;WS-OPTIMIZATION;WS-ANALYSIS;WS-ANIMATOR;WS-SETTINGS;WS-TOOLS,source_data_confirmed
PAR-0355,WS-DIAGNOSTICS,,,WS-PROJECT;WS-INPUTS;WS-RING;WS-SUITE;WS-BASELINE;WS-OPTIMIZATION;WS-ANALYSIS;WS-ANIMATOR;WS-SETTINGS;WS-TOOLS,source_data_confirmed
PAR-0356,WS-DIAGNOSTICS,,,WS-PROJECT;WS-INPUTS;WS-RING;WS-SUITE;WS-BASELINE;WS-OPTIMIZATION;WS-ANALYSIS;WS-ANIMATOR;WS-SETTINGS;WS-TOOLS,source_data_confirmed
PAR-0357,WS-DIAGNOSTICS,,,WS-PROJECT;WS-INPUTS;WS-RING;WS-SUITE;WS-BASELINE;WS-OPTIMIZATION;WS-ANALYSIS;WS-ANIMATOR;WS-SETTINGS;WS-TOOLS,source_data_confirmed
PAR-0358,WS-DIAGNOSTICS,,,WS-PROJECT;WS-INPUTS;WS-RING;WS-SUITE;WS-BASELINE;WS-OPTIMIZATION;WS-ANALYSIS;WS-ANIMATOR;WS-SETTINGS;WS-TOOLS,source_data_confirmed
PAR-0359,WS-DIAGNOSTICS,,,WS-PROJECT;WS-INPUTS;WS-RING;WS-SUITE;WS-BASELINE;WS-OPTIMIZATION;WS-ANALYSIS;WS-ANIMATOR;WS-SETTINGS;WS-TOOLS,source_data_confirmed
PAR-0360,WS-DIAGNOSTICS,,,WS-PROJECT;WS-INPUTS;WS-RING;WS-SUITE;WS-BASELINE;WS-OPTIMIZATION;WS-ANALYSIS;WS-ANIMATOR;WS-SETTINGS;WS-TOOLS,source_data_confirmed
PAR-0361,WS-DIAGNOSTICS,,,WS-PROJECT;WS-INPUTS;WS-RING;WS-SUITE;WS-BASELINE;WS-OPTIMIZATION;WS-ANALYSIS;WS-ANIMATOR;WS-SETTINGS;WS-TOOLS,source_data_confirmed
PAR-0362,WS-DIAGNOSTICS,,,WS-PROJECT;WS-INPUTS;WS-RING;WS-SUITE;WS-BASELINE;WS-OPTIMIZATION;WS-ANALYSIS;WS-ANIMATOR;WS-SETTINGS;WS-TOOLS,source_data_confirmed
PAR-0363,WS-DIAGNOSTICS,,,WS-PROJECT;WS-INPUTS;WS-RING;WS-SUITE;WS-BASELINE;WS-OPTIMIZATION;WS-ANALYSIS;WS-ANIMATOR;WS-SETTINGS;WS-TOOLS,source_data_confirmed
PAR-0364,WS-DIAGNOSTICS,,,WS-PROJECT;WS-INPUTS;WS-RING;WS-SUITE;WS-BASELINE;WS-OPTIMIZATION;WS-ANALYSIS;WS-ANIMATOR;WS-SETTINGS;WS-TOOLS,source_data_confirmed
PAR-0365,WS-DIAGNOSTICS,,,WS-PROJECT;WS-INPUTS;WS-RING;WS-SUITE;WS-BASELINE;WS-OPTIMIZATION;WS-ANALYSIS;WS-ANIMATOR;WS-SETTINGS;WS-TOOLS,source_data_confirmed
PAR-0366,WS-DIAGNOSTICS,,,WS-PROJECT;WS-INPUTS;WS-RING;WS-SUITE;WS-BASELINE;WS-OPTIMIZATION;WS-ANALYSIS;WS-ANIMATOR;WS-SETTINGS;WS-TOOLS,source_data_confirmed
PAR-0367,WS-DIAGNOSTICS,,,WS-PROJECT;WS-INPUTS;WS-RING;WS-SUITE;WS-BASELINE;WS-OPTIMIZATION;WS-ANALYSIS;WS-ANIMATOR;WS-SETTINGS;WS-TOOLS,source_data_confirmed
PAR-0368,WS-DIAGNOSTICS,,,WS-PROJECT;WS-INPUTS;WS-RING;WS-SUITE;WS-BASELINE;WS-OPTIMIZATION;WS-ANALYSIS;WS-ANIMATOR;WS-SETTINGS;WS-TOOLS,source_data_confirmed
PAR-0369,WS-DIAGNOSTICS,,,WS-PROJECT;WS-INPUTS;WS-RING;WS-SUITE;WS-BASELINE;WS-OPTIMIZATION;WS-ANALYSIS;WS-ANIMATOR;WS-SETTINGS;WS-TOOLS,source_data_confirmed
PAR-0370,WS-DIAGNOSTICS,,,WS-PROJECT;WS-INPUTS;WS-RING;WS-SUITE;WS-BASELINE;WS-OPTIMIZATION;WS-ANALYSIS;WS-ANIMATOR;WS-SETTINGS;WS-TOOLS,source_data_confirmed
PAR-0371,WS-DIAGNOSTICS,,,WS-PROJECT;WS-INPUTS;WS-RING;WS-SUITE;WS-BASELINE;WS-OPTIMIZATION;WS-ANALYSIS;WS-ANIMATOR;WS-SETTINGS;WS-TOOLS,source_data_confirmed
PAR-0372,WS-DIAGNOSTICS,,,WS-PROJECT;WS-INPUTS;WS-RING;WS-SUITE;WS-BASELINE;WS-OPTIMIZATION;WS-ANALYSIS;WS-ANIMATOR;WS-SETTINGS;WS-TOOLS,source_data_confirmed
PAR-0373,WS-DIAGNOSTICS,,,WS-PROJECT;WS-INPUTS;WS-RING;WS-SUITE;WS-BASELINE;WS-OPTIMIZATION;WS-ANALYSIS;WS-ANIMATOR;WS-SETTINGS;WS-TOOLS,source_data_confirmed
PAR-0374,WS-DIAGNOSTICS,,,WS-PROJECT;WS-INPUTS;WS-RING;WS-SUITE;WS-BASELINE;WS-OPTIMIZATION;WS-ANALYSIS;WS-ANIMATOR;WS-SETTINGS;WS-TOOLS,source_data_confirmed
PAR-0375,WS-DIAGNOSTICS,,,WS-PROJECT;WS-INPUTS;WS-RING;WS-SUITE;WS-BASELINE;WS-OPTIMIZATION;WS-ANALYSIS;WS-ANIMATOR;WS-SETTINGS;WS-TOOLS,source_data_confirmed
PAR-0376,WS-DIAGNOSTICS,,,WS-PROJECT;WS-INPUTS;WS-RING;WS-SUITE;WS-BASELINE;WS-OPTIMIZATION;WS-ANALYSIS;WS-ANIMATOR;WS-SETTINGS;WS-TOOLS,source_data_confirmed
PAR-0377,WS-DIAGNOSTICS,,,WS-PROJECT;WS-INPUTS;WS-RING;WS-SUITE;WS-BASELINE;WS-OPTIMIZATION;WS-ANALYSIS;WS-ANIMATOR;WS-SETTINGS;WS-TOOLS,source_data_confirmed
PAR-0378,WS-DIAGNOSTICS,,,WS-PROJECT;WS-INPUTS;WS-RING;WS-SUITE;WS-BASELINE;WS-OPTIMIZATION;WS-ANALYSIS;WS-ANIMATOR;WS-SETTINGS;WS-TOOLS,source_data_confirmed
PAR-0379,WS-DIAGNOSTICS,,,WS-PROJECT;WS-INPUTS;WS-RING;WS-SUITE;WS-BASELINE;WS-OPTIMIZATION;WS-ANALYSIS;WS-ANIMATOR;WS-SETTINGS;WS-TOOLS,source_data_confirmed
PAR-0380,WS-DIAGNOSTICS,,,WS-PROJECT;WS-INPUTS;WS-RING;WS-SUITE;WS-BASELINE;WS-OPTIMIZATION;WS-ANALYSIS;WS-ANIMATOR;WS-SETTINGS;WS-TOOLS,source_data_confirmed
PAR-0381,,WS-DIAGNOSTICS,,WS-PROJECT;WS-INPUTS;WS-RING;WS-SUITE;WS-BASELINE;WS-OPTIMIZATION;WS-ANALYSIS;WS-ANIMATOR;WS-SETTINGS;WS-TOOLS,source_data_confirmed
PAR-0382,WS-DIAGNOSTICS,,,WS-PROJECT;WS-INPUTS;WS-RING;WS-SUITE;WS-BASELINE;WS-OPTIMIZATION;WS-ANALYSIS;WS-ANIMATOR;WS-SETTINGS;WS-TOOLS,source_data_confirmed
PAR-0383,WS-DIAGNOSTICS,,,WS-PROJECT;WS-INPUTS;WS-RING;WS-SUITE;WS-BASELINE;WS-OPTIMIZATION;WS-ANALYSIS;WS-ANIMATOR;WS-SETTINGS;WS-TOOLS,source_data_confirmed
PAR-0384,WS-DIAGNOSTICS,,,WS-PROJECT;WS-INPUTS;WS-RING;WS-SUITE;WS-BASELINE;WS-OPTIMIZATION;WS-ANALYSIS;WS-ANIMATOR;WS-SETTINGS;WS-TOOLS,source_data_confirmed
PAR-0385,WS-DIAGNOSTICS,,,WS-PROJECT;WS-INPUTS;WS-RING;WS-SUITE;WS-BASELINE;WS-OPTIMIZATION;WS-ANALYSIS;WS-ANIMATOR;WS-SETTINGS;WS-TOOLS,source_data_confirmed
PAR-0386,WS-DIAGNOSTICS,,,WS-PROJECT;WS-INPUTS;WS-RING;WS-SUITE;WS-BASELINE;WS-OPTIMIZATION;WS-ANALYSIS;WS-ANIMATOR;WS-SETTINGS;WS-TOOLS,source_data_confirmed
PAR-0387,WS-DIAGNOSTICS,,,WS-PROJECT;WS-INPUTS;WS-RING;WS-SUITE;WS-BASELINE;WS-OPTIMIZATION;WS-ANALYSIS;WS-ANIMATOR;WS-SETTINGS;WS-TOOLS,source_data_confirmed
PAR-0388,WS-DIAGNOSTICS,,,WS-PROJECT;WS-INPUTS;WS-RING;WS-SUITE;WS-BASELINE;WS-OPTIMIZATION;WS-ANALYSIS;WS-ANIMATOR;WS-SETTINGS;WS-TOOLS,source_data_confirmed
PAR-0389,WS-DIAGNOSTICS,,,WS-PROJECT;WS-INPUTS;WS-RING;WS-SUITE;WS-BASELINE;WS-OPTIMIZATION;WS-ANALYSIS;WS-ANIMATOR;WS-SETTINGS;WS-TOOLS,source_data_confirmed
PAR-0390,WS-DIAGNOSTICS,,,WS-PROJECT;WS-INPUTS;WS-RING;WS-SUITE;WS-BASELINE;WS-OPTIMIZATION;WS-ANALYSIS;WS-ANIMATOR;WS-SETTINGS;WS-TOOLS,source_data_confirmed
PAR-0391,WS-DIAGNOSTICS,,,WS-PROJECT;WS-INPUTS;WS-RING;WS-SUITE;WS-BASELINE;WS-OPTIMIZATION;WS-ANALYSIS;WS-ANIMATOR;WS-SETTINGS;WS-TOOLS,source_data_confirmed
PAR-0392,WS-DIAGNOSTICS,,,WS-PROJECT;WS-INPUTS;WS-RING;WS-SUITE;WS-BASELINE;WS-OPTIMIZATION;WS-ANALYSIS;WS-ANIMATOR;WS-SETTINGS;WS-TOOLS,source_data_confirmed
PAR-0393,WS-DIAGNOSTICS,,,WS-PROJECT;WS-INPUTS;WS-RING;WS-SUITE;WS-BASELINE;WS-OPTIMIZATION;WS-ANALYSIS;WS-ANIMATOR;WS-SETTINGS;WS-TOOLS,source_data_confirmed
PAR-0394,WS-DIAGNOSTICS,,,WS-PROJECT;WS-INPUTS;WS-RING;WS-SUITE;WS-BASELINE;WS-OPTIMIZATION;WS-ANALYSIS;WS-ANIMATOR;WS-SETTINGS;WS-TOOLS,source_data_confirmed
PAR-0395,WS-DIAGNOSTICS,,,WS-PROJECT;WS-INPUTS;WS-RING;WS-SUITE;WS-BASELINE;WS-OPTIMIZATION;WS-ANALYSIS;WS-ANIMATOR;WS-SETTINGS;WS-TOOLS,source_data_confirmed
PAR-0396,WS-DIAGNOSTICS,,,WS-PROJECT;WS-INPUTS;WS-RING;WS-SUITE;WS-BASELINE;WS-OPTIMIZATION;WS-ANALYSIS;WS-ANIMATOR;WS-SETTINGS;WS-TOOLS,source_data_confirmed
PAR-0397,WS-DIAGNOSTICS,,,WS-PROJECT;WS-INPUTS;WS-RING;WS-SUITE;WS-BASELINE;WS-OPTIMIZATION;WS-ANALYSIS;WS-ANIMATOR;WS-SETTINGS;WS-TOOLS,source_data_confirmed
PAR-0398,WS-DIAGNOSTICS,,,WS-PROJECT;WS-INPUTS;WS-RING;WS-SUITE;WS-BASELINE;WS-OPTIMIZATION;WS-ANALYSIS;WS-ANIMATOR;WS-SETTINGS;WS-TOOLS,source_data_confirmed
PAR-0399,,WS-DIAGNOSTICS,,WS-PROJECT;WS-INPUTS;WS-RING;WS-SUITE;WS-BASELINE;WS-OPTIMIZATION;WS-ANALYSIS;WS-ANIMATOR;WS-SETTINGS;WS-TOOLS,source_data_confirmed
PAR-0400,WS-DIAGNOSTICS,,,WS-PROJECT;WS-INPUTS;WS-RING;WS-SUITE;WS-BASELINE;WS-OPTIMIZATION;WS-ANALYSIS;WS-ANIMATOR;WS-SETTINGS;WS-TOOLS,source_data_confirmed
PAR-0401,WS-PROJECT;WS-INPUTS;WS-RING;WS-SUITE;WS-BASELINE;WS-OPTIMIZATION;WS-ANALYSIS;WS-ANIMATOR;WS-DIAGNOSTICS;WS-SETTINGS;WS-TOOLS,,,,source_data_confirmed
PAR-0402,WS-PROJECT;WS-INPUTS;WS-RING;WS-SUITE;WS-BASELINE;WS-OPTIMIZATION;WS-ANALYSIS;WS-ANIMATOR;WS-DIAGNOSTICS;WS-SETTINGS;WS-TOOLS,,,,source_data_confirmed
PAR-0403,WS-PROJECT;WS-INPUTS;WS-RING;WS-SUITE;WS-BASELINE;WS-OPTIMIZATION;WS-ANALYSIS;WS-ANIMATOR;WS-DIAGNOSTICS;WS-SETTINGS;WS-TOOLS,,,,source_data_confirmed
PAR-0404,WS-PROJECT;WS-INPUTS;WS-RING;WS-SUITE;WS-BASELINE;WS-OPTIMIZATION;WS-ANALYSIS;WS-ANIMATOR;WS-DIAGNOSTICS;WS-SETTINGS;WS-TOOLS,,,,source_data_confirmed
PAR-0405,WS-PROJECT;WS-INPUTS;WS-RING;WS-SUITE;WS-BASELINE;WS-OPTIMIZATION;WS-ANALYSIS;WS-ANIMATOR;WS-DIAGNOSTICS;WS-SETTINGS;WS-TOOLS,,,,source_data_confirmed
PAR-0406,WS-PROJECT;WS-INPUTS;WS-RING;WS-SUITE;WS-BASELINE;WS-OPTIMIZATION;WS-ANALYSIS;WS-ANIMATOR;WS-DIAGNOSTICS;WS-SETTINGS;WS-TOOLS,,,,source_data_confirmed
PAR-0407,WS-PROJECT;WS-INPUTS;WS-RING;WS-SUITE;WS-BASELINE;WS-OPTIMIZATION;WS-ANALYSIS;WS-ANIMATOR;WS-DIAGNOSTICS;WS-SETTINGS;WS-TOOLS,,,,source_data_confirmed
PAR-0408,WS-PROJECT;WS-INPUTS;WS-RING;WS-SUITE;WS-BASELINE;WS-OPTIMIZATION;WS-ANALYSIS;WS-ANIMATOR;WS-DIAGNOSTICS;WS-SETTINGS;WS-TOOLS,,,,source_data_confirmed
PAR-0409,WS-PROJECT;WS-INPUTS;WS-RING;WS-SUITE;WS-BASELINE;WS-OPTIMIZATION;WS-ANALYSIS;WS-ANIMATOR;WS-DIAGNOSTICS;WS-SETTINGS;WS-TOOLS,,,,source_data_confirmed
PAR-0410,WS-PROJECT;WS-INPUTS;WS-RING;WS-SUITE;WS-BASELINE;WS-OPTIMIZATION;WS-ANALYSIS;WS-ANIMATOR;WS-DIAGNOSTICS;WS-SETTINGS;WS-TOOLS,,,,source_data_confirmed
PAR-0411,WS-PROJECT;WS-INPUTS;WS-RING;WS-SUITE;WS-BASELINE;WS-OPTIMIZATION;WS-ANALYSIS;WS-ANIMATOR;WS-DIAGNOSTICS;WS-SETTINGS;WS-TOOLS,,,,source_data_confirmed
PAR-0412,WS-PROJECT;WS-INPUTS;WS-RING;WS-SUITE;WS-BASELINE;WS-OPTIMIZATION;WS-ANALYSIS;WS-ANIMATOR;WS-DIAGNOSTICS;WS-SETTINGS;WS-TOOLS,,,,source_data_confirmed
PAR-0413,WS-PROJECT;WS-INPUTS;WS-RING;WS-SUITE;WS-BASELINE;WS-OPTIMIZATION;WS-ANALYSIS;WS-ANIMATOR;WS-DIAGNOSTICS;WS-SETTINGS;WS-TOOLS,,,,source_data_confirmed
PAR-0414,WS-PROJECT;WS-INPUTS;WS-RING;WS-SUITE;WS-BASELINE;WS-OPTIMIZATION;WS-ANALYSIS;WS-ANIMATOR;WS-DIAGNOSTICS;WS-SETTINGS;WS-TOOLS,,,,source_data_confirmed
PAR-0415,WS-PROJECT;WS-INPUTS;WS-RING;WS-SUITE;WS-BASELINE;WS-OPTIMIZATION;WS-ANALYSIS;WS-ANIMATOR;WS-DIAGNOSTICS;WS-SETTINGS;WS-TOOLS,,,,source_data_confirmed
PAR-0416,WS-PROJECT;WS-INPUTS;WS-RING;WS-SUITE;WS-BASELINE;WS-OPTIMIZATION;WS-ANALYSIS;WS-ANIMATOR;WS-DIAGNOSTICS;WS-SETTINGS;WS-TOOLS,,,,source_data_confirmed
PAR-0417,WS-PROJECT;WS-INPUTS;WS-RING;WS-SUITE;WS-BASELINE;WS-OPTIMIZATION;WS-ANALYSIS;WS-ANIMATOR;WS-DIAGNOSTICS;WS-SETTINGS;WS-TOOLS,,,,source_data_confirmed
PAR-0418,WS-PROJECT;WS-INPUTS;WS-RING;WS-SUITE;WS-BASELINE;WS-OPTIMIZATION;WS-ANALYSIS;WS-ANIMATOR;WS-DIAGNOSTICS;WS-SETTINGS;WS-TOOLS,,,,source_data_confirmed
PAR-0419,WS-PROJECT;WS-INPUTS;WS-RING;WS-SUITE;WS-BASELINE;WS-OPTIMIZATION;WS-ANALYSIS;WS-ANIMATOR;WS-DIAGNOSTICS;WS-SETTINGS;WS-TOOLS,,,,source_data_confirmed
PAR-0420,WS-PROJECT;WS-INPUTS;WS-RING;WS-SUITE;WS-BASELINE;WS-OPTIMIZATION;WS-ANALYSIS;WS-ANIMATOR;WS-DIAGNOSTICS;WS-SETTINGS;WS-TOOLS,,,,source_data_confirmed
PAR-0421,WS-PROJECT;WS-INPUTS;WS-RING;WS-SUITE;WS-BASELINE;WS-OPTIMIZATION;WS-ANALYSIS;WS-ANIMATOR;WS-DIAGNOSTICS;WS-SETTINGS;WS-TOOLS,,,,source_data_confirmed
PAR-0422,WS-PROJECT;WS-INPUTS;WS-RING;WS-SUITE;WS-BASELINE;WS-OPTIMIZATION;WS-ANALYSIS;WS-ANIMATOR;WS-DIAGNOSTICS;WS-SETTINGS;WS-TOOLS,,,,source_data_confirmed
PAR-0423,WS-PROJECT,WS-INPUTS;WS-RING;WS-SUITE;WS-BASELINE;WS-OPTIMIZATION;WS-ANALYSIS;WS-ANIMATOR;WS-DIAGNOSTICS;WS-SETTINGS;WS-TOOLS,,,source_data_confirmed
PAR-0424,WS-PROJECT,WS-INPUTS;WS-RING;WS-SUITE;WS-BASELINE;WS-OPTIMIZATION;WS-ANALYSIS;WS-ANIMATOR;WS-DIAGNOSTICS;WS-SETTINGS;WS-TOOLS,,,source_data_confirmed
PAR-0425,WS-PROJECT,WS-INPUTS;WS-RING;WS-SUITE;WS-BASELINE;WS-OPTIMIZATION;WS-ANALYSIS;WS-ANIMATOR;WS-DIAGNOSTICS;WS-SETTINGS;WS-TOOLS,,,source_data_confirmed
PAR-0426,WS-PROJECT,WS-INPUTS;WS-RING;WS-SUITE;WS-BASELINE;WS-OPTIMIZATION;WS-ANALYSIS;WS-ANIMATOR;WS-DIAGNOSTICS;WS-SETTINGS;WS-TOOLS,,,source_data_confirmed
PAR-0427,WS-PROJECT,WS-INPUTS;WS-RING;WS-SUITE;WS-BASELINE;WS-OPTIMIZATION;WS-ANALYSIS;WS-ANIMATOR;WS-DIAGNOSTICS;WS-SETTINGS;WS-TOOLS,,,source_data_confirmed
PAR-0428,WS-PROJECT,WS-INPUTS;WS-RING;WS-SUITE;WS-BASELINE;WS-OPTIMIZATION;WS-ANALYSIS;WS-ANIMATOR;WS-DIAGNOSTICS;WS-SETTINGS;WS-TOOLS,,,source_data_confirmed
PAR-0429,WS-INPUTS,,WS-RING;WS-SUITE;WS-BASELINE;WS-OPTIMIZATION;WS-ANALYSIS;WS-ANIMATOR;WS-DIAGNOSTICS,WS-PROJECT;WS-SETTINGS;WS-TOOLS,source_data_confirmed
PAR-0430,WS-INPUTS,,WS-RING;WS-SUITE;WS-BASELINE;WS-OPTIMIZATION;WS-ANALYSIS;WS-ANIMATOR;WS-DIAGNOSTICS,WS-PROJECT;WS-SETTINGS;WS-TOOLS,source_data_confirmed
PAR-0431,WS-INPUTS,,WS-RING;WS-SUITE;WS-BASELINE;WS-OPTIMIZATION;WS-ANALYSIS;WS-ANIMATOR;WS-DIAGNOSTICS,WS-PROJECT;WS-SETTINGS;WS-TOOLS,source_data_confirmed
PAR-0432,WS-INPUTS,,WS-RING;WS-SUITE;WS-BASELINE;WS-OPTIMIZATION;WS-ANALYSIS;WS-ANIMATOR;WS-DIAGNOSTICS,WS-PROJECT;WS-SETTINGS;WS-TOOLS,source_data_confirmed
PAR-0433,WS-INPUTS,,WS-RING;WS-SUITE;WS-BASELINE;WS-OPTIMIZATION;WS-ANALYSIS;WS-ANIMATOR;WS-DIAGNOSTICS,WS-PROJECT;WS-SETTINGS;WS-TOOLS,source_data_confirmed
PAR-0434,WS-INPUTS,,WS-RING;WS-SUITE;WS-BASELINE;WS-OPTIMIZATION;WS-ANALYSIS;WS-ANIMATOR;WS-DIAGNOSTICS,WS-PROJECT;WS-SETTINGS;WS-TOOLS,source_data_confirmed
PAR-0435,WS-INPUTS,,WS-RING;WS-SUITE;WS-BASELINE;WS-OPTIMIZATION;WS-ANALYSIS;WS-ANIMATOR;WS-DIAGNOSTICS,WS-PROJECT;WS-SETTINGS;WS-TOOLS,source_data_confirmed
PAR-0436,WS-INPUTS,,WS-RING;WS-SUITE;WS-BASELINE;WS-OPTIMIZATION;WS-ANALYSIS;WS-ANIMATOR;WS-DIAGNOSTICS,WS-PROJECT;WS-SETTINGS;WS-TOOLS,source_data_confirmed
PAR-0437,WS-INPUTS,,WS-RING;WS-SUITE;WS-BASELINE;WS-OPTIMIZATION;WS-ANALYSIS;WS-ANIMATOR;WS-DIAGNOSTICS,WS-PROJECT;WS-SETTINGS;WS-TOOLS,source_data_confirmed
PAR-0438,WS-INPUTS,,WS-RING;WS-SUITE;WS-BASELINE;WS-OPTIMIZATION;WS-ANALYSIS;WS-ANIMATOR;WS-DIAGNOSTICS,WS-PROJECT;WS-SETTINGS;WS-TOOLS,source_data_confirmed
PAR-0439,WS-INPUTS,,WS-RING;WS-SUITE;WS-BASELINE;WS-OPTIMIZATION;WS-ANALYSIS;WS-ANIMATOR;WS-DIAGNOSTICS,WS-PROJECT;WS-SETTINGS;WS-TOOLS,source_data_confirmed
PAR-0440,WS-INPUTS,,WS-RING;WS-SUITE;WS-BASELINE;WS-OPTIMIZATION;WS-ANALYSIS;WS-ANIMATOR;WS-DIAGNOSTICS,WS-PROJECT;WS-SETTINGS;WS-TOOLS,source_data_confirmed
PAR-0441,WS-INPUTS,,WS-RING;WS-SUITE;WS-BASELINE;WS-OPTIMIZATION;WS-ANALYSIS;WS-ANIMATOR;WS-DIAGNOSTICS,WS-PROJECT;WS-SETTINGS;WS-TOOLS,source_data_confirmed
PAR-0442,WS-INPUTS,,WS-RING;WS-SUITE;WS-BASELINE;WS-OPTIMIZATION;WS-ANALYSIS;WS-ANIMATOR;WS-DIAGNOSTICS,WS-PROJECT;WS-SETTINGS;WS-TOOLS,source_data_confirmed
PAR-0443,WS-INPUTS,,WS-RING;WS-SUITE;WS-BASELINE;WS-OPTIMIZATION;WS-ANALYSIS;WS-ANIMATOR;WS-DIAGNOSTICS,WS-PROJECT;WS-SETTINGS;WS-TOOLS,source_data_confirmed
PAR-0444,WS-INPUTS,,WS-RING;WS-SUITE;WS-BASELINE;WS-OPTIMIZATION;WS-ANALYSIS;WS-ANIMATOR;WS-DIAGNOSTICS,WS-PROJECT;WS-SETTINGS;WS-TOOLS,source_data_confirmed
PAR-0445,WS-INPUTS,,WS-RING;WS-SUITE;WS-BASELINE;WS-OPTIMIZATION;WS-ANALYSIS;WS-ANIMATOR;WS-DIAGNOSTICS,WS-PROJECT;WS-SETTINGS;WS-TOOLS,source_data_confirmed
PAR-0446,WS-INPUTS,,WS-RING;WS-SUITE;WS-BASELINE;WS-OPTIMIZATION;WS-ANALYSIS;WS-ANIMATOR;WS-DIAGNOSTICS,WS-PROJECT;WS-SETTINGS;WS-TOOLS,source_data_confirmed
PAR-0447,WS-INPUTS,,WS-RING;WS-SUITE;WS-BASELINE;WS-OPTIMIZATION;WS-ANALYSIS;WS-ANIMATOR;WS-DIAGNOSTICS,WS-PROJECT;WS-SETTINGS;WS-TOOLS,approximate_inferred_with_warning;source_data_confirmed
PAR-0448,WS-INPUTS,,WS-RING;WS-SUITE;WS-BASELINE;WS-OPTIMIZATION;WS-ANALYSIS;WS-ANIMATOR;WS-DIAGNOSTICS,WS-PROJECT;WS-SETTINGS;WS-TOOLS,approximate_inferred_with_warning;source_data_confirmed
PAR-0449,WS-INPUTS,,WS-RING;WS-SUITE;WS-BASELINE;WS-OPTIMIZATION;WS-ANALYSIS;WS-ANIMATOR;WS-DIAGNOSTICS,WS-PROJECT;WS-SETTINGS;WS-TOOLS,approximate_inferred_with_warning;source_data_confirmed
PAR-0450,WS-INPUTS,,WS-RING;WS-SUITE;WS-BASELINE;WS-OPTIMIZATION;WS-ANALYSIS;WS-ANIMATOR;WS-DIAGNOSTICS,WS-PROJECT;WS-SETTINGS;WS-TOOLS,approximate_inferred_with_warning;source_data_confirmed
PAR-0451,WS-INPUTS,,WS-RING;WS-SUITE;WS-BASELINE;WS-OPTIMIZATION;WS-ANALYSIS;WS-ANIMATOR;WS-DIAGNOSTICS,WS-PROJECT;WS-SETTINGS;WS-TOOLS,approximate_inferred_with_warning;source_data_confirmed
PAR-0452,WS-INPUTS,,WS-RING;WS-SUITE;WS-BASELINE;WS-OPTIMIZATION;WS-ANALYSIS;WS-ANIMATOR;WS-DIAGNOSTICS,WS-PROJECT;WS-SETTINGS;WS-TOOLS,approximate_inferred_with_warning;source_data_confirmed
PAR-0453,WS-INPUTS,,WS-RING;WS-SUITE;WS-BASELINE;WS-OPTIMIZATION;WS-ANALYSIS;WS-ANIMATOR;WS-DIAGNOSTICS,WS-PROJECT;WS-SETTINGS;WS-TOOLS,approximate_inferred_with_warning;source_data_confirmed
PAR-0454,WS-INPUTS,,WS-RING;WS-SUITE;WS-BASELINE;WS-OPTIMIZATION;WS-ANALYSIS;WS-ANIMATOR;WS-DIAGNOSTICS,WS-PROJECT;WS-SETTINGS;WS-TOOLS,approximate_inferred_with_warning;source_data_confirmed
PAR-0455,WS-INPUTS,,WS-RING;WS-SUITE;WS-BASELINE;WS-OPTIMIZATION;WS-ANALYSIS;WS-ANIMATOR;WS-DIAGNOSTICS,WS-PROJECT;WS-SETTINGS;WS-TOOLS,approximate_inferred_with_warning;source_data_confirmed
PAR-0456,WS-INPUTS,,WS-RING;WS-SUITE;WS-BASELINE;WS-OPTIMIZATION;WS-ANALYSIS;WS-ANIMATOR;WS-DIAGNOSTICS,WS-PROJECT;WS-SETTINGS;WS-TOOLS,approximate_inferred_with_warning;source_data_confirmed
PAR-0457,WS-INPUTS,,WS-RING;WS-SUITE;WS-BASELINE;WS-OPTIMIZATION;WS-ANALYSIS;WS-ANIMATOR;WS-DIAGNOSTICS,WS-PROJECT;WS-SETTINGS;WS-TOOLS,approximate_inferred_with_warning;source_data_confirmed
PAR-0458,WS-INPUTS,,WS-RING;WS-SUITE;WS-BASELINE;WS-OPTIMIZATION;WS-ANALYSIS;WS-ANIMATOR;WS-DIAGNOSTICS,WS-PROJECT;WS-SETTINGS;WS-TOOLS,approximate_inferred_with_warning;source_data_confirmed
PAR-0459,WS-INPUTS,,WS-RING;WS-SUITE;WS-BASELINE;WS-OPTIMIZATION;WS-ANALYSIS;WS-ANIMATOR;WS-DIAGNOSTICS,WS-PROJECT;WS-SETTINGS;WS-TOOLS,approximate_inferred_with_warning;source_data_confirmed
PAR-0460,WS-INPUTS,,WS-RING;WS-SUITE;WS-BASELINE;WS-OPTIMIZATION;WS-ANALYSIS;WS-ANIMATOR;WS-DIAGNOSTICS,WS-PROJECT;WS-SETTINGS;WS-TOOLS,approximate_inferred_with_warning;source_data_confirmed
PAR-0461,WS-INPUTS,,WS-RING;WS-SUITE;WS-BASELINE;WS-OPTIMIZATION;WS-ANALYSIS;WS-ANIMATOR;WS-DIAGNOSTICS,WS-PROJECT;WS-SETTINGS;WS-TOOLS,approximate_inferred_with_warning;source_data_confirmed
PAR-0462,WS-INPUTS,,WS-RING;WS-SUITE;WS-BASELINE;WS-OPTIMIZATION;WS-ANALYSIS;WS-ANIMATOR;WS-DIAGNOSTICS,WS-PROJECT;WS-SETTINGS;WS-TOOLS,approximate_inferred_with_warning;source_data_confirmed
PAR-0463,WS-INPUTS,,WS-RING;WS-SUITE;WS-BASELINE;WS-OPTIMIZATION;WS-ANALYSIS;WS-ANIMATOR;WS-DIAGNOSTICS,WS-PROJECT;WS-SETTINGS;WS-TOOLS,approximate_inferred_with_warning;source_data_confirmed
PAR-0464,WS-INPUTS,,WS-RING;WS-SUITE;WS-BASELINE;WS-OPTIMIZATION;WS-ANALYSIS;WS-ANIMATOR;WS-DIAGNOSTICS,WS-PROJECT;WS-SETTINGS;WS-TOOLS,approximate_inferred_with_warning;source_data_confirmed
PAR-0465,WS-INPUTS,,WS-RING;WS-SUITE;WS-BASELINE;WS-OPTIMIZATION;WS-ANALYSIS;WS-ANIMATOR;WS-DIAGNOSTICS,WS-PROJECT;WS-SETTINGS;WS-TOOLS,approximate_inferred_with_warning;source_data_confirmed
PAR-0466,WS-INPUTS,,WS-RING;WS-SUITE;WS-BASELINE;WS-OPTIMIZATION;WS-ANALYSIS;WS-ANIMATOR;WS-DIAGNOSTICS,WS-PROJECT;WS-SETTINGS;WS-TOOLS,approximate_inferred_with_warning;source_data_confirmed
PAR-0467,WS-INPUTS,,WS-RING;WS-SUITE;WS-BASELINE;WS-OPTIMIZATION;WS-ANALYSIS;WS-ANIMATOR;WS-DIAGNOSTICS,WS-PROJECT;WS-SETTINGS;WS-TOOLS,approximate_inferred_with_warning;source_data_confirmed
PAR-0468,WS-INPUTS,,WS-RING;WS-SUITE;WS-BASELINE;WS-OPTIMIZATION;WS-ANALYSIS;WS-ANIMATOR;WS-DIAGNOSTICS,WS-PROJECT;WS-SETTINGS;WS-TOOLS,approximate_inferred_with_warning;source_data_confirmed
PAR-0469,WS-INPUTS,,WS-RING;WS-SUITE;WS-BASELINE;WS-OPTIMIZATION;WS-ANALYSIS;WS-ANIMATOR;WS-DIAGNOSTICS,WS-PROJECT;WS-SETTINGS;WS-TOOLS,approximate_inferred_with_warning;source_data_confirmed
PAR-0470,WS-INPUTS,,WS-RING;WS-SUITE;WS-BASELINE;WS-OPTIMIZATION;WS-ANALYSIS;WS-ANIMATOR;WS-DIAGNOSTICS,WS-PROJECT;WS-SETTINGS;WS-TOOLS,approximate_inferred_with_warning;source_data_confirmed
PAR-0471,WS-INPUTS,,WS-RING;WS-SUITE;WS-BASELINE;WS-OPTIMIZATION;WS-ANALYSIS;WS-ANIMATOR;WS-DIAGNOSTICS,WS-PROJECT;WS-SETTINGS;WS-TOOLS,approximate_inferred_with_warning;source_data_confirmed
PAR-0472,WS-INPUTS,,WS-RING;WS-SUITE;WS-BASELINE;WS-OPTIMIZATION;WS-ANALYSIS;WS-ANIMATOR;WS-DIAGNOSTICS,WS-PROJECT;WS-SETTINGS;WS-TOOLS,approximate_inferred_with_warning;source_data_confirmed
PAR-0473,WS-INPUTS,,WS-RING;WS-SUITE;WS-BASELINE;WS-OPTIMIZATION;WS-ANALYSIS;WS-ANIMATOR;WS-DIAGNOSTICS,WS-PROJECT;WS-SETTINGS;WS-TOOLS,approximate_inferred_with_warning;source_data_confirmed
PAR-0474,WS-INPUTS,,WS-RING;WS-SUITE;WS-BASELINE;WS-OPTIMIZATION;WS-ANALYSIS;WS-ANIMATOR;WS-DIAGNOSTICS,WS-PROJECT;WS-SETTINGS;WS-TOOLS,approximate_inferred_with_warning;source_data_confirmed
PAR-0475,WS-INPUTS,,WS-RING;WS-SUITE;WS-BASELINE;WS-OPTIMIZATION;WS-ANALYSIS;WS-ANIMATOR;WS-DIAGNOSTICS,WS-PROJECT;WS-SETTINGS;WS-TOOLS,source_data_confirmed
PAR-0476,WS-INPUTS,,WS-RING;WS-SUITE;WS-BASELINE;WS-OPTIMIZATION;WS-ANALYSIS;WS-ANIMATOR;WS-DIAGNOSTICS,WS-PROJECT;WS-SETTINGS;WS-TOOLS,source_data_confirmed
PAR-0477,WS-INPUTS,,WS-RING;WS-SUITE;WS-BASELINE;WS-OPTIMIZATION;WS-ANALYSIS;WS-ANIMATOR;WS-DIAGNOSTICS,WS-PROJECT;WS-SETTINGS;WS-TOOLS,source_data_confirmed
PAR-0478,WS-INPUTS,,WS-RING;WS-SUITE;WS-BASELINE;WS-OPTIMIZATION;WS-ANALYSIS;WS-ANIMATOR;WS-DIAGNOSTICS,WS-PROJECT;WS-SETTINGS;WS-TOOLS,source_data_confirmed
PAR-0479,WS-INPUTS,,WS-RING;WS-SUITE;WS-BASELINE;WS-OPTIMIZATION;WS-ANALYSIS;WS-ANIMATOR;WS-DIAGNOSTICS,WS-PROJECT;WS-SETTINGS;WS-TOOLS,source_data_confirmed
PAR-0480,WS-INPUTS,,WS-RING;WS-SUITE;WS-BASELINE;WS-OPTIMIZATION;WS-ANALYSIS;WS-ANIMATOR;WS-DIAGNOSTICS,WS-PROJECT;WS-SETTINGS;WS-TOOLS,source_data_confirmed
PAR-0481,WS-INPUTS,,WS-RING;WS-SUITE;WS-BASELINE;WS-OPTIMIZATION;WS-ANALYSIS;WS-ANIMATOR;WS-DIAGNOSTICS,WS-PROJECT;WS-SETTINGS;WS-TOOLS,source_data_confirmed
PAR-0482,WS-INPUTS,,WS-RING;WS-SUITE;WS-BASELINE;WS-OPTIMIZATION;WS-ANALYSIS;WS-ANIMATOR;WS-DIAGNOSTICS,WS-PROJECT;WS-SETTINGS;WS-TOOLS,source_data_confirmed
PAR-0483,WS-INPUTS,,WS-RING;WS-SUITE;WS-BASELINE;WS-OPTIMIZATION;WS-ANALYSIS;WS-ANIMATOR;WS-DIAGNOSTICS,WS-PROJECT;WS-SETTINGS;WS-TOOLS,source_data_confirmed
PAR-0484,WS-INPUTS,,WS-RING;WS-SUITE;WS-BASELINE;WS-OPTIMIZATION;WS-ANALYSIS;WS-ANIMATOR;WS-DIAGNOSTICS,WS-PROJECT;WS-SETTINGS;WS-TOOLS,source_data_confirmed
PAR-0485,WS-INPUTS,,WS-RING;WS-SUITE;WS-BASELINE;WS-OPTIMIZATION;WS-ANALYSIS;WS-ANIMATOR;WS-DIAGNOSTICS,WS-PROJECT;WS-SETTINGS;WS-TOOLS,source_data_confirmed
PAR-0486,WS-INPUTS,,WS-RING;WS-SUITE;WS-BASELINE;WS-OPTIMIZATION;WS-ANALYSIS;WS-ANIMATOR;WS-DIAGNOSTICS,WS-PROJECT;WS-SETTINGS;WS-TOOLS,source_data_confirmed
PAR-0487,WS-INPUTS,,WS-RING;WS-SUITE;WS-BASELINE;WS-OPTIMIZATION;WS-ANALYSIS;WS-ANIMATOR;WS-DIAGNOSTICS,WS-PROJECT;WS-SETTINGS;WS-TOOLS,source_data_confirmed
PAR-0488,WS-INPUTS,,WS-RING;WS-SUITE;WS-BASELINE;WS-OPTIMIZATION;WS-ANALYSIS;WS-ANIMATOR;WS-DIAGNOSTICS,WS-PROJECT;WS-SETTINGS;WS-TOOLS,source_data_confirmed
